Frame,Player_ID,Team,X,Y
0,1,1,59.404075622558594,55.40068817138672
0,5,2,54.8866081237793,51.1251106262207
0,6,2,65.92911529541016,66.68834686279297
0,7,1,64.81607818603516,40.59685516357422
0,8,1,63.92670822143555,28.246042251586914
0,14,1,53.476341247558594,58.08926010131836
0,15,2,60.319366455078125,35.71337127685547
0,18,2,63.370513916015625,60.509883880615234
0,22,2,63.58906555175781,60.83524703979492
1,1,1,59.404075622558594,55.40068817138672
1,5,2,54.8866081237793,51.1251106262207
1,6,2,65.92911529541016,66.68834686279297
1,7,1,64.81607818603516,40.59685516357422
1,8,1,63.92670822143555,28.246042251586914
1,14,1,53.476341247558594,58.08926010131836
1,15,2,60.319366455078125,35.71337127685547
1,18,2,63.370513916015625,60.509883880615234
1,22,2,63.57245635986328,60.83184814453125
2,1,1,59.50019454956055,55.61469650268555
2,5,2,54.961971282958984,51.14044952392578
2,6,2,65.9002456665039,66.72838592529297
2,7,1,64.83856201171875,40.60139846801758
2,8,1,63.95267105102539,28.251245498657227
2,14,1,53.493099212646484,58.092689514160156
2,15,2,60.319366455078125,35.71337127685547
2,18,2,63.42057800292969,60.52012252807617
2,22,2,63.642478942871094,60.901981353759766
3,1,1,59.60727310180664,55.636539459228516
3,5,2,55.075016021728516,51.1634635925293
3,6,2,65.85636901855469,66.76526641845703
3,7,1,64.86103820800781,40.60593795776367
3,8,1,64.03055572509766,28.266860961914062
3,14,1,53.493099212646484,58.092689514160156
3,15,2,60.319366455078125,35.71337127685547
3,18,2,63.42439651489258,60.57725143432617
3,22,2,63.77521896362305,60.92913818359375
4,1,1,59.760013580322266,55.603031158447266
4,5,2,55.1503791809082,51.17880630493164
4,6,2,65.76605987548828,66.7467269897461
4,7,1,64.84513854980469,40.80682373046875
4,8,1,64.08248901367188,28.27726936340332
4,14,1,53.493099212646484,58.092689514160156
4,15,2,60.319366455078125,35.71337127685547
4,18,2,63.491085052490234,60.59089279174805
4,22,2,63.82499694824219,60.9393196105957
5,1,1,59.920806884765625,55.635833740234375
5,5,2,55.19584655761719,51.33199691772461
5,6,2,65.61860656738281,66.80799102783203
5,7,1,64.86756134033203,40.81135177612305
5,8,1,64.18634033203125,28.29808807373047
5,14,1,53.493099212646484,58.092689514160156
5,15,2,60.29155349731445,35.93291091918945
5,18,2,63.60049819946289,60.50046157836914
5,22,2,63.90462875366211,60.89979934692383
6,1,1,60.06373977661133,55.66499328613281
6,5,2,55.2674674987793,51.63257598876953
6,6,2,65.47167205810547,66.8690414428711
6,7,1,64.91241455078125,40.820411682128906
6,8,1,64.23826599121094,28.30849838256836
6,14,1,53.506587982177734,58.152496337890625
6,15,2,60.31508255004883,35.937652587890625
6,18,2,63.79750061035156,60.48418426513672
6,22,2,63.964298248291016,61.07911682128906
7,1,1,60.18880844116211,55.69050979614258
7,5,2,55.35539627075195,51.72159194946289
7,6,2,65.34374237060547,67.02423858642578
7,7,1,64.93799591064453,40.92723083496094
7,8,1,64.2688980102539,28.450931549072266
7,14,1,53.52333068847656,58.15591812133789
7,15,2,60.31508255004883,35.937652587890625
7,18,2,63.83478927612305,60.829593658447266
7,22,2,63.894840240478516,61.28622817993164
8,1,1,60.28231430053711,55.9031982421875
8,5,2,55.43739318847656,51.88005065917969
8,6,2,65.15521240234375,67.12080383300781
8,7,1,64.9827880859375,40.936283111572266
8,8,1,64.3466796875,28.466524124145508
8,14,1,53.52333068847656,58.15591812133789
8,15,2,60.3246955871582,36.05170440673828
8,18,2,63.91792678833008,61.125118255615234
8,22,2,63.95738983154297,61.5186653137207
9,1,1,60.41792297363281,56.187164306640625
9,5,2,55.53068542480469,51.899051666259766
9,6,2,64.94212341308594,67.30094146728516
9,7,1,65.02758026123047,40.94533157348633
9,8,1,64.3770980834961,28.608509063720703
9,14,1,53.52333068847656,58.15591812133789
9,15,2,60.36214065551758,35.94713592529297
9,18,2,63.94760513305664,61.35209274291992
10,1,1,60.573829650878906,56.34634017944336
10,5,2,55.623985290527344,51.91804885864258
10,6,2,64.7729721069336,67.44393920898438
10,7,1,65.04997253417969,40.94985580444336
10,8,1,64.42887878417969,28.6188907623291
10,14,1,53.53677749633789,58.215606689453125
10,15,2,60.36214065551758,35.94713592529297
10,18,2,63.95073318481445,61.680931091308594
11,1,1,60.799774169921875,56.519290924072266
11,5,2,55.73594665527344,51.94084930419922
11,6,2,64.5978775024414,67.45222473144531
11,7,1,65.09476470947266,40.95890426635742
11,8,1,64.43328094482422,28.755252838134766
11,14,1,53.53348159790039,58.271759033203125
11,15,2,60.38566970825195,35.95187759399414
11,18,2,64.16986846923828,61.834354400634766
11,22,2,64.17410278320312,61.61766052246094
12,1,1,60.936641693115234,56.67354965209961
12,5,2,55.829246520996094,51.9598503112793
12,6,2,64.4083251953125,67.45745849609375
12,7,1,65.12007904052734,41.06541061401367
12,8,1,64.43767547607422,28.891206741333008
12,14,1,53.540306091308594,58.44297409057617
12,15,2,60.38566970825195,35.95187759399414
12,18,2,64.29022216796875,61.96714782714844
12,22,2,64.44180297851562,61.1212043762207
13,1,1,61.095340728759766,56.70594024658203
13,5,2,55.9038200378418,52.18654251098633
13,6,2,64.26335906982422,67.47177124023438
13,7,1,65.14533233642578,41.17163848876953
13,8,1,64.48929595947266,28.90155792236328
13,14,1,53.53047561645508,58.60980224609375
13,15,2,60.42325210571289,35.84703063964844
13,18,2,64.3910140991211,62.04170608520508
14,1,1,61.218780517578125,56.731136322021484
14,5,2,55.98420333862305,52.343162536621094
14,6,2,64.18416595458984,67.36726379394531
14,7,1,65.1733627319336,41.37877655029297
14,8,1,64.56672668457031,28.917085647583008
14,14,1,53.537269592285156,58.779052734375
14,15,2,60.52268600463867,35.07141876220703
14,18,2,64.45350646972656,62.00056838989258
14,34,1,64.80128479003906,62.17951583862305
15,1,1,61.30695343017578,56.7491340637207
15,5,2,56.045719146728516,52.49533462524414
15,6,2,63.99209976196289,67.32781982421875
15,7,1,65.24020385742188,41.39228439331055
15,8,1,64.59669494628906,29.05776596069336
15,14,1,53.54728698730469,58.89247131347656
15,15,2,60.460933685302734,35.74189376831055
15,18,2,64.60308074951172,62.08511734008789
16,1,1,61.360660552978516,56.94862747192383
16,5,2,56.12545394897461,52.65061950683594
16,6,2,63.80004119873047,67.28837585449219
16,7,1,65.26519775390625,41.4976806640625
16,8,1,64.6265640258789,29.198028564453125
16,14,1,53.56053924560547,58.950706481933594
16,15,2,60.44218826293945,36.075382232666016
16,18,2,64.75633239746094,61.900146484375
16,34,1,64.71852111816406,62.48342514038086
17,1,1,61.426124572753906,57.273658752441406
17,5,2,56.17442321777344,52.729896545410156
17,6,2,63.72617721557617,67.27320861816406
17,7,1,65.2901382446289,41.60280990600586
17,8,1,64.69978332519531,29.078441619873047
17,14,1,53.59357833862305,58.95746612548828
17,15,2,60.386268615722656,36.509521484375
17,18,2,64.76714324951172,62.49338150024414
18,1,1,61.502410888671875,57.53630447387695
18,5,2,56.26017761230469,52.8165168762207
18,6,2,63.570186614990234,67.32941436767578
18,7,1,65.31236267089844,41.607303619384766
18,8,1,64.75132751464844,29.08877944946289
18,14,1,53.6100959777832,58.960845947265625
18,15,2,60.381839752197266,36.729530334472656
18,18,2,64.88042449951172,62.14188766479492
18,22,2,65.0630111694336,61.02479553222656
18,34,1,64.751953125,62.86005401611328
19,1,1,61.61856460571289,57.68281173706055
19,5,2,56.36417007446289,52.90671157836914
19,6,2,63.39322280883789,67.2930679321289
19,7,1,65.31501007080078,41.707672119140625
19,8,1,64.78096771240234,29.22899627685547
19,14,1,53.64649200439453,58.91276550292969
19,15,2,60.405147552490234,36.734230041503906
19,18,2,64.95026397705078,62.26374053955078
19,22,2,65.30473327636719,60.8490104675293
19,34,1,64.65697479248047,63.20558547973633
20,1,1,61.70524978637695,57.88377380371094
20,5,2,56.43113327026367,52.98921203613281
20,6,2,63.1867790222168,67.25067138671875
20,7,1,65.29814910888672,41.90315628051758
20,8,1,64.8581771850586,29.244482040405273
20,14,1,53.679561614990234,58.919532775878906
20,15,2,60.41455078125,36.846126556396484
20,22,2,65.24384307861328,61.451778411865234
20,34,1,64.53666687011719,63.643287658691406
21,1,1,61.768516540527344,58.018253326416016
21,5,2,56.484413146972656,53.20576095581055
21,6,2,63.03932189941406,67.22039031982422
21,7,1,65.32553100585938,42.106571197509766
21,8,1,64.93538665771484,29.259967803955078
21,14,1,53.72916793823242,58.92967987060547
21,15,2,60.437828063964844,36.8508186340332
21,22,2,65.36458587646484,61.14251708984375
21,34,1,64.4444580078125,63.97873306274414
22,1,1,61.872318267822266,58.03945541381836
22,5,2,56.54415512084961,53.354331970214844
22,6,2,62.90279769897461,67.14826965332031
22,7,1,65.33075714111328,42.30449295043945
22,8,1,64.96471405029297,29.39972496032715
22,14,1,53.802337646484375,58.833274841308594
22,15,2,60.46110153198242,36.85551071166992
22,22,2,65.4236068725586,60.92979049682617
22,34,1,64.39500427246094,64.21893310546875
23,1,1,62.05730056762695,58.016517639160156
23,5,2,56.610504150390625,53.43583679199219
23,6,2,62.74443054199219,67.15982818603516
23,7,1,65.33595275878906,42.501407623291016
23,8,1,64.99040985107422,29.40488052368164
23,14,1,53.90898895263672,58.7432861328125
23,15,2,60.484378814697266,36.860206604003906
23,22,2,65.45514678955078,60.8797721862793
23,34,1,64.36908721923828,64.31311798095703
24,1,1,62.21317672729492,58.04835510253906
24,5,2,56.662879943847656,53.64959716796875
24,6,2,62.53154754638672,67.20403289794922
24,7,1,65.35791778564453,42.50585174560547
24,8,1,65.01610565185547,29.410036087036133
24,14,1,54.04555130004883,58.71515655517578
24,15,2,60.50765609741211,36.864898681640625
24,22,2,65.44216918945312,60.989952087402344
24,34,1,64.41875457763672,64.37290954589844
25,1,1,62.30486297607422,58.1278076171875
25,5,2,56.728824615478516,53.73044967651367
25,6,2,62.28568649291992,67.1973876953125
25,7,1,65.40185546875,42.51473617553711
25,8,1,65.01960754394531,29.54421615600586
25,14,1,54.16963577270508,58.62807846069336
25,15,2,60.53093338012695,36.869590759277344
25,22,2,65.44216918945312,60.989952087402344
25,34,1,64.48395538330078,64.43580627441406
26,1,1,62.3668098449707,58.26154327392578
26,5,2,56.801666259765625,53.74530029296875
26,6,2,62.025569915771484,67.18773651123047
26,7,1,65.42630004882812,42.61724090576172
26,8,1,65.07093048095703,29.55451202392578
26,14,1,54.28618240356445,58.651912689208984
26,15,2,60.5542106628418,36.87428665161133
26,22,2,65.48857116699219,60.8866081237793
26,34,1,64.4476547241211,64.62556457519531
27,1,1,62.411277770996094,58.3912239074707
27,5,2,56.903785705566406,53.8333854675293
27,6,2,61.878658294677734,67.15756225585938
27,7,1,65.46776580810547,42.5280647277832
27,8,1,65.09658813476562,29.55965805053711
27,14,1,54.35685348510742,58.6099739074707
27,15,2,60.60076141357422,36.883670806884766
27,22,2,65.5184097290039,60.77943420410156
27,34,1,64.38326263427734,64.85686492919922
28,1,1,62.462982177734375,58.40178680419922
28,5,2,56.98751449584961,53.917579650878906
28,6,2,61.76627731323242,67.04685974121094
28,7,1,65.51170349121094,42.536949157714844
28,8,1,65.14791107177734,29.56995391845703
28,14,1,54.40685272216797,58.620201110839844
28,15,2,60.60988998413086,36.99522018432617
28,22,2,65.53337097167969,60.72569274902344
28,34,1,64.30400848388672,65.08292388916016
29,1,1,62.4974479675293,58.40882873535156
29,5,2,57.04563522338867,54.06325912475586
29,6,2,61.648624420166016,66.89070129394531
29,7,1,65.49689483642578,42.82589340209961
29,8,1,65.17683410644531,29.70884132385254
29,14,1,54.4443473815918,58.57136535644531
29,15,2,60.67962646484375,37.009281158447266
29,22,2,65.49984741210938,60.71883773803711
29,34,1,64.25341796875,65.26484680175781
30,1,1,62.4974479675293,58.40882873535156
30,5,2,57.08890914916992,54.33805847167969
30,6,2,61.471595764160156,66.8543472290039
30,7,1,65.47980499267578,43.015830993652344
30,8,1,65.17683410644531,29.70884132385254
30,14,1,54.54871368408203,58.536094665527344
30,15,2,60.68863296508789,37.120513916015625
30,22,2,65.48308563232422,60.71540832519531
30,34,1,64.24082946777344,65.31011962890625
31,1,1,62.4974479675293,58.40882873535156
31,5,2,57.10312271118164,54.53898239135742
31,6,2,61.26077651977539,66.89911651611328
31,7,1,65.4652099609375,43.30113983154297
31,8,1,65.20567321777344,29.84731674194336
31,14,1,54.62855911254883,58.38191604614258
31,15,2,60.68863296508789,37.120513916015625
31,22,2,65.4495620727539,60.708553314208984
31,34,1,64.19755554199219,65.3490219116211
32,1,1,62.48021697998047,58.40530776977539
32,5,2,57.12791442871094,54.80614471435547
32,6,2,61.11903381347656,66.42665100097656
32,7,1,65.4290542602539,43.57991409301758
32,8,1,65.23126220703125,29.85245132446289
32,14,1,54.68321990966797,58.336036682128906
32,15,2,60.711849212646484,37.12519454956055
32,22,2,65.43468475341797,60.76231384277344
32,34,1,64.14189147949219,65.43289184570312
33,1,1,62.462982177734375,58.40178680419922
33,5,2,57.15646743774414,54.87715530395508
33,6,2,60.912940979003906,66.51813507080078
33,7,1,65.45313262939453,43.67966842651367
33,8,1,65.25684356689453,29.85758399963379
33,14,1,54.733516693115234,58.34632110595703
33,15,2,60.73506546020508,37.12987518310547
33,22,2,65.3863754272461,60.80912399291992
33,34,1,64.02819061279297,65.55187225341797
34,1,1,62.44082260131836,58.33702087402344
34,5,2,57.184959411621094,54.948020935058594
34,6,2,60.71699142456055,66.56671905517578
34,7,1,65.47476959228516,43.68404769897461
34,8,1,65.30801391601562,29.86785125732422
34,14,1,54.80511474609375,58.303794860839844
34,15,2,60.781494140625,37.13924026489258
34,22,2,65.36964416503906,60.805702209472656
34,34,1,63.86627197265625,65.61310577392578
35,1,1,62.41365432739258,58.210628509521484
35,5,2,57.23126983642578,55.02238082885742
35,6,2,60.50107955932617,66.5666732788086
35,7,1,65.47476959228516,43.68404769897461
35,8,1,65.28860473632812,30.128162384033203
35,14,1,54.8890266418457,58.32094955444336
35,15,2,60.8191032409668,37.03740692138672
35,22,2,65.36575317382812,60.69141387939453
35,34,1,63.69294738769531,65.71858978271484
36,1,1,62.35676956176758,58.13840866088867
36,5,2,57.26701354980469,55.0296745300293
36,6,2,60.29766082763672,66.6573257446289
36,7,1,65.47476959228516,43.68404769897461
36,8,1,65.31411743164062,30.133281707763672
36,14,1,55.01124572753906,58.288658142089844
36,15,2,60.84235382080078,37.04209518432617
36,22,2,65.36185455322266,60.576683044433594
36,34,1,63.57122039794922,65.69361114501953
37,1,1,62.334415435791016,58.0731201171875
37,5,2,57.27315139770508,55.289249420166016
37,6,2,60.09758758544922,66.66022491455078
37,7,1,65.43392181396484,43.77042770385742
37,8,1,65.29167938232422,30.260297775268555
37,14,1,55.11204147338867,58.30926513671875
37,15,2,60.81353759765625,37.25482177734375
37,22,2,65.3094711303711,60.50883865356445
37,34,1,63.46471405029297,65.67176055908203
38,1,1,62.28245544433594,58.06250762939453
38,5,2,57.286590576171875,55.484336853027344
38,6,2,59.87677001953125,66.6148681640625
38,7,1,65.37409210205078,43.946903228759766
38,8,1,65.31715393066406,30.265409469604492
38,14,1,55.28003692626953,58.3436164855957
38,15,2,60.83672332763672,37.259498596191406
38,22,2,65.30342102050781,60.335533142089844
38,34,1,63.33844757080078,65.78614807128906
39,1,1,62.2478141784668,58.0554313659668
39,5,2,57.2926025390625,55.74018096923828
39,6,2,59.71484375,66.58161163330078
39,7,1,65.37409210205078,43.946903228759766
39,8,1,65.33963012695312,30.13840103149414
39,14,1,55.375732421875,58.420467376708984
39,15,2,60.845497131347656,37.370094299316406
39,22,2,65.26559448242188,60.2125244140625
39,34,1,63.25102615356445,65.81480407714844
40,1,1,62.2478141784668,58.0554313659668
40,5,2,57.32350540161133,55.93608474731445
40,6,2,59.59187698364258,66.4241714477539
40,7,1,65.3360595703125,44.12684631347656
40,8,1,65.36809539794922,30.275632858276367
40,14,1,55.42608642578125,58.43075942993164
40,15,2,60.89180374145508,37.379432678222656
40,22,2,65.26145935058594,60.09595489501953
40,34,1,63.09553146362305,65.92220306396484
41,1,1,62.2478141784668,58.0554313659668
41,5,2,57.346866607666016,56.19184875488281
41,6,2,59.44668960571289,66.21705627441406
41,7,1,65.33859252929688,44.220829010009766
41,8,1,65.44451904296875,30.290969848632812
41,14,1,55.510005950927734,58.44792175292969
41,15,2,60.92361068725586,37.494384765625
41,22,2,65.25731658935547,59.97892379760742
41,34,1,62.8011474609375,65.9542465209961
42,1,1,62.2426643371582,57.993534088134766
42,5,2,57.434593200683594,56.209754943847656
42,6,2,59.26115417480469,66.22339630126953
42,7,1,65.32221221923828,44.40375518798828
42,8,1,65.47279357910156,30.427778244018555
42,14,1,55.543575286865234,58.45478439331055
42,15,2,60.96985626220703,37.50371170043945
42,22,2,65.2701416015625,59.864906311035156
42,34,1,62.676300048828125,65.88243865966797
43,1,1,62.220149993896484,57.9279670715332
43,5,2,57.52985382080078,56.16664505004883
43,6,2,59.12800598144531,66.19605255126953
43,7,1,65.36505889892578,44.41242980957031
43,8,1,65.50098419189453,30.564184188842773
43,14,1,55.58245086669922,58.40544509887695
43,15,2,61.03922653198242,37.517704010009766
43,22,2,65.25523376464844,59.92023849487305
43,34,1,62.559669494628906,65.90469360351562
44,1,1,62.18021774291992,57.85872268676758
44,5,2,57.64289093017578,56.12703323364258
44,6,2,58.95805740356445,66.1167221069336
44,7,1,65.42691802978516,44.331947326660156
44,8,1,65.55445861816406,30.705280303955078
44,14,1,55.59925079345703,58.40888214111328
44,15,2,61.09389114379883,37.63697814941406
44,22,2,65.25523376464844,59.92023849487305
44,34,1,62.47993087768555,65.8421401977539
45,1,1,62.23494338989258,57.79718780517578
45,5,2,57.85121154785156,56.094940185546875
45,6,2,58.89765167236328,66.05144500732422
45,7,1,65.60672760009766,44.25758743286133
45,8,1,65.74432373046875,30.718961715698242
45,14,1,55.7286491394043,58.367156982421875
45,15,2,61.26564407348633,37.651336669921875
45,22,2,65.36526489257812,59.931785583496094
45,34,1,62.52781677246094,65.79701232910156
46,1,1,61.980770111083984,57.512481689453125
46,5,2,57.728179931640625,55.89424133300781
46,6,2,58.5883674621582,65.77388763427734
46,7,1,65.39727020263672,43.954322814941406
46,8,1,65.54832458496094,30.315608978271484
46,14,1,55.54313659667969,58.11096954345703
46,15,2,61.09999465942383,37.097225189208984
46,22,2,65.19918823242188,59.735008239746094
46,34,1,62.273109436035156,65.52223205566406
47,1,1,61.882469177246094,57.55199432373047
47,5,2,57.774078369140625,55.96463394165039
47,6,2,58.34954833984375,65.5429458618164
47,7,1,65.33639526367188,44.0327033996582
47,8,1,65.5752944946289,30.31650161743164
47,14,1,55.520572662353516,57.98832321166992
47,15,2,61.13082504272461,36.879940032958984
47,22,2,65.19802856445312,59.67402648925781
47,34,1,62.19493865966797,65.31706237792969
48,1,1,61.80927658081055,57.88932800292969
48,5,2,57.8039665222168,56.39385986328125
48,6,2,58.155765533447266,65.7619400024414
48,7,1,65.24292755126953,44.54920959472656
48,8,1,65.53592681884766,30.92779541015625
48,14,1,55.43999099731445,58.24658203125
48,15,2,61.12312698364258,37.39808654785156
48,22,2,65.13947296142578,59.939842224121094
48,34,1,62.013824462890625,65.45564270019531
49,1,1,61.99995040893555,57.94396209716797
49,5,2,58.042137145996094,56.52069854736328
49,6,2,58.14170837402344,65.77059173583984
49,7,1,65.4578857421875,44.708866119384766
49,8,1,65.83795166015625,31.021778106689453
49,14,1,55.51416778564453,58.21895217895508
49,15,2,61.41637420654297,37.37639617919922
49,22,2,65.3551025390625,59.88227081298828
49,34,1,62.0090446472168,65.41993713378906
50,1,1,61.99995040893555,57.94396209716797
50,5,2,58.087894439697266,56.71582794189453
50,6,2,57.94999313354492,65.82063293457031
50,7,1,65.4578857421875,44.708866119384766
50,8,1,65.91168212890625,30.90697479248047
50,14,1,55.485694885253906,58.155399322509766
50,15,2,61.46274948120117,37.38574981689453
50,22,2,65.4021987915039,59.77479553222656
50,34,1,61.80659484863281,65.3315658569336
51,1,1,61.9880256652832,58.00236892700195
51,5,2,58.12405014038086,56.84644317626953
51,6,2,57.744140625,65.8674545288086
51,7,1,65.43892669677734,44.797115325927734
51,8,1,65.98562622070312,30.791831970214844
51,14,1,55.46883010864258,58.15195083618164
51,15,2,61.509124755859375,37.395103454589844
51,22,2,65.4627685546875,59.551578521728516
51,34,1,61.69512939453125,65.26177978515625
52,1,1,61.9880256652832,58.00236892700195
52,5,2,58.19367599487305,56.860660552978516
52,6,2,57.706241607666016,65.8151626586914
52,7,1,65.46025085449219,44.80143356323242
52,8,1,66.03636169433594,30.80201530456543
52,14,1,55.45716857910156,58.09171676635742
52,15,2,61.54015350341797,37.510196685791016
52,22,2,65.49324035644531,59.43930435180664
52,34,1,61.61394119262695,65.1981201171875
53,1,1,61.98261642456055,57.94042205810547
53,5,2,58.27152633666992,56.81500244140625
53,6,2,57.63024139404297,65.71031951904297
53,7,1,65.52191925048828,44.721832275390625
53,8,1,66.08708953857422,30.812196731567383
53,14,1,55.428585052490234,58.02791213989258
53,15,2,61.57109832763672,37.62498474121094
53,22,2,65.53733825683594,59.209896087646484
53,34,1,61.466392517089844,65.07360076904297
54,1,1,61.95338821411133,57.995296478271484
54,5,2,58.34953308105469,56.76925277709961
54,6,2,57.545509338378906,65.55847930908203
54,7,1,65.54325866699219,44.72615432739258
54,8,1,66.1378173828125,30.8223819732666
54,14,1,55.37936782836914,58.1913948059082
54,15,2,61.61735153198242,37.634315490722656
54,22,2,65.58358764648438,59.03927230834961
54,34,1,61.343563079833984,64.9063949584961
55,1,1,61.82249069213867,57.98984909057617
55,5,2,58.32358932495117,56.785579681396484
55,6,2,57.408599853515625,65.41104888916016
55,7,1,65.48473358154297,44.65435791015625
55,8,1,66.04537963867188,30.849416732788086
55,14,1,55.25111770629883,58.41503143310547
55,15,2,61.56608963012695,37.77009201049805
55,22,2,65.53264617919922,58.86893081665039
55,34,1,61.086280822753906,64.96493530273438
56,1,1,61.913272857666016,57.9262580871582
56,5,2,58.50652313232422,56.801307678222656
56,6,2,57.400672912597656,65.39360046386719
56,7,1,65.6072998046875,44.73912048339844
56,8,1,66.2646484375,30.84783935546875
56,14,1,55.255096435546875,58.62382125854492
56,15,2,61.7561149597168,37.66230392456055
56,22,2,65.69425964355469,58.698482513427734
56,34,1,61.079307556152344,64.94693756103516
57,1,1,61.913272857666016,57.9262580871582
57,5,2,58.60231399536133,56.759056091308594
57,6,2,57.281349182128906,65.36911010742188
57,7,1,65.6286392211914,44.74344253540039
57,8,1,66.36463165283203,30.737533569335938
57,14,1,55.11170196533203,58.707847595214844
57,15,2,61.825496673583984,37.67629623413086
57,22,2,65.7430419921875,58.586334228515625
57,34,1,60.987667083740234,64.92813873291016
58,1,1,61.930606842041016,57.92980194091797
58,5,2,58.66352081298828,56.8333625793457
58,6,2,57.18304443359375,65.30372619628906
58,7,1,65.6286392211914,44.74344253540039
58,8,1,66.4168472290039,30.87839126586914
58,14,1,55.056884765625,58.753143310546875
58,15,2,61.88752746582031,37.58026123046875
58,16,2,52.58467102050781,18.122150421142578
58,22,2,65.77621459960938,58.53186798095703
58,34,1,60.890289306640625,64.86083221435547
59,1,1,61.913272857666016,57.9262580871582
59,5,2,58.7507438659668,56.851173400878906
59,6,2,57.10840606689453,65.28840637207031
59,7,1,65.6072998046875,44.73912048339844
59,8,1,66.49295043945312,30.89366912841797
59,14,1,55.018829345703125,58.8017578125
59,15,2,61.957008361816406,37.59427261352539
59,16,2,52.669071197509766,18.138986587524414
59,22,2,65.77782440185547,58.59343719482422
59,34,1,60.783287048339844,64.83888244628906
60,1,1,61.930606842041016,57.92980194091797
60,5,2,58.82038497924805,56.9886360168457
60,6,2,57.00986862182617,65.222900390625
60,7,1,65.58595275878906,44.734798431396484
60,8,1,66.56787109375,30.77832794189453
60,14,1,54.990211486816406,58.739505767822266
60,15,2,62.003326416015625,37.603614807128906
60,16,2,52.78592300415039,18.001068115234375
60,22,2,65.81102752685547,58.53897476196289
60,34,1,60.70094299316406,64.77458190917969
61,1,1,62.063385009765625,57.864566802978516
61,5,2,59.000770568847656,57.05533981323242
61,6,2,57.02804183959961,65.15792846679688
61,7,1,65.69428253173828,44.70930480957031
61,8,1,66.77472686767578,30.883256912231445
61,14,1,55.04091262817383,58.66427993774414
61,15,2,62.21110534667969,37.58960723876953
61,16,2,53.05923080444336,17.972496032714844
61,22,2,65.95170593261719,58.53617858886719
61,34,1,60.66324996948242,64.69490051269531
62,1,1,61.840118408203125,57.908897399902344
62,5,2,58.85963439941406,57.17815399169922
62,6,2,56.7467041015625,65.21235656738281
62,7,1,65.41310119628906,44.788230895996094
62,8,1,66.46361541748047,31.012617111206055
62,14,1,54.781768798828125,58.751033782958984
62,15,2,61.959190368652344,37.69895553588867
62,16,2,52.80732345581055,17.998918533325195
62,22,2,65.72199249267578,58.57960510253906
62,34,1,60.363826751708984,64.60845947265625
63,1,1,61.86140441894531,57.88935470581055
63,5,2,58.92300796508789,57.22823715209961
63,6,2,56.69788360595703,65.22982025146484
63,7,1,65.46234130859375,44.76211929321289
63,8,1,66.5227279663086,30.973554611206055
63,14,1,54.63294982910156,58.6984977722168
63,15,2,62.04994201660156,37.5660514831543
63,16,2,52.89704132080078,17.791454315185547
63,22,2,65.76226806640625,58.5638313293457
63,34,1,60.268497467041016,64.52252197265625
64,1,1,61.880062103271484,57.954322814941406
64,5,2,58.98820495605469,57.241817474365234
64,6,2,56.62899398803711,65.26102447509766
64,7,1,65.49748992919922,44.67744827270508
64,8,1,66.51655578613281,30.972877502441406
64,14,1,54.45402908325195,58.77470397949219
64,15,2,62.11384201049805,37.579410552978516
64,16,2,52.97964859008789,17.6461124420166
64,22,2,65.80864715576172,58.512271881103516
64,34,1,60.18806076049805,64.50623321533203
65,1,1,61.954776763916016,57.93921661376953
65,5,2,59.03523635864258,57.28199768066406
65,6,2,56.53634262084961,65.26460266113281
65,7,1,65.5300064086914,44.730247497558594
65,8,1,66.57855224609375,30.920425415039062
65,14,1,54.32254409790039,58.71977233886719
65,15,2,62.213951110839844,37.545265197753906
65,16,2,53.094398498535156,17.58769989013672
65,22,2,65.8827133178711,58.37368392944336
65,34,1,60.121768951416016,64.51654052734375
66,1,1,61.87470245361328,58.22425842285156
66,5,2,58.99531936645508,57.63606643676758
66,6,2,56.425933837890625,65.50982666015625
66,7,1,65.41206359863281,45.25306701660156
66,8,1,66.429443359375,31.66132164001465
66,14,1,54.22861099243164,59.034507751464844
66,15,2,62.13531494140625,38.175228118896484
66,16,2,53.14826202392578,18.402952194213867
66,22,2,65.86469268798828,58.49150466918945
66,34,1,60.00440979003906,64.77593231201172
67,1,1,62.07320785522461,57.621395111083984
67,5,2,59.20602798461914,57.09743118286133
67,6,2,56.50141525268555,65.04995727539062
67,7,1,65.72648620605469,44.438087463378906
67,8,1,66.8440933227539,30.63600730895996
67,14,1,54.31975173950195,58.51696014404297
67,15,2,62.464691162109375,37.31318283081055
67,16,2,53.43508529663086,16.73650360107422
67,22,2,66.22686004638672,57.65785217285156
67,34,1,60.14671325683594,64.30207061767578
68,1,1,62.18556213378906,57.71051025390625
68,3,1,52.60087966918945,43.333492279052734
68,5,2,59.3722038269043,57.31974792480469
68,6,2,56.58250045776367,65.16073608398438
68,7,1,65.82077026367188,44.742164611816406
68,8,1,67.07770538330078,31.0844783782959
68,14,1,54.427101135253906,58.712520599365234
68,15,2,62.696372985839844,37.696022033691406
68,16,2,53.79369354248047,17.31627655029297
68,22,2,66.4580307006836,57.646488189697266
68,34,1,60.20806121826172,64.41429138183594
69,1,1,62.18571853637695,57.710716247558594
69,3,1,52.60110092163086,43.33378601074219
69,5,2,59.38040542602539,57.382591247558594
69,6,2,56.52292251586914,65.14862823486328
69,7,1,65.77626037597656,44.6409912109375
69,8,1,67.15396118164062,31.10015106201172
69,14,1,54.369178771972656,58.813167572021484
69,15,2,62.7367057800293,37.595481872558594
69,16,2,53.93619155883789,17.34514617919922
69,22,2,66.5103988647461,57.59389877319336
69,34,1,60.167144775390625,64.21369171142578
70,1,1,62.18204879760742,57.66069793701172
70,3,1,52.629241943359375,43.268089294433594
70,5,2,59.36520004272461,57.391605377197266
70,6,2,56.4396858215332,65.23089599609375
70,7,1,65.736572265625,44.74372863769531
70,8,1,67.23103332519531,31.27118682861328
70,14,1,54.310306549072266,58.97990417480469
70,15,2,62.80211639404297,37.521156311035156
70,16,2,54.05520248413086,17.401567459106445
70,22,2,66.58116912841797,57.557411193847656
70,34,1,60.14053726196289,64.12117767333984
71,1,1,62.22134780883789,57.68195343017578
71,3,1,52.61915588378906,43.195945739746094
71,5,2,59.352909088134766,57.402191162109375
71,6,2,56.38904571533203,65.32020568847656
71,7,1,65.76242065429688,44.768795013427734
71,8,1,67.3117904663086,31.315242767333984
71,14,1,54.26719284057617,59.20497512817383
71,15,2,62.831092834472656,37.55051040649414
71,16,2,54.18571090698242,17.298425674438477
71,22,2,66.67194366455078,57.46215057373047
71,34,1,60.129425048828125,64.12930297851562
72,1,1,62.21744918823242,57.76301193237305
72,3,1,52.57017135620117,43.21570587158203
72,5,2,59.35287094116211,57.48318862915039
72,6,2,56.322330474853516,65.45577239990234
72,7,1,65.79248809814453,44.80550765991211
72,8,1,67.37195587158203,31.49943733215332
72,14,1,53.98999786376953,59.27686309814453
72,15,2,62.85905075073242,37.48309326171875
72,16,2,54.31753158569336,17.37940788269043
72,22,2,66.71442413330078,57.492027282714844
72,34,1,60.08869171142578,64.23358154296875
73,1,1,62.285770416259766,57.70330047607422
73,3,1,52.56949996948242,43.28702926635742
73,5,2,59.41734313964844,57.42345428466797
73,6,2,56.23558807373047,65.42906951904297
73,7,1,65.85835266113281,44.61567687988281
73,8,1,67.45479583740234,31.490394592285156
73,14,1,53.8239860534668,59.286922454833984
73,15,2,62.90482711791992,37.36081314086914
73,16,2,54.463531494140625,17.37574005126953
73,22,2,66.80692291259766,57.3702392578125
73,34,1,60.113616943359375,64.27726745605469
74,1,1,62.34281539916992,57.70965576171875
74,3,1,52.616092681884766,43.28880310058594
74,5,2,59.49113845825195,57.433292388916016
74,6,2,56.194698333740234,65.41683197021484
74,7,1,65.94666290283203,44.43980407714844
74,8,1,67.53839111328125,31.366836547851562
74,14,1,53.758583068847656,59.32370376586914
74,15,2,62.95785903930664,37.362056732177734
74,16,2,54.5841064453125,17.385604858398438
74,22,2,66.9350357055664,57.13330841064453
74,34,1,60.12660217285156,64.22761535644531
75,1,1,62.4258918762207,57.7247200012207
75,3,1,52.71555709838867,43.30620574951172
75,5,2,59.57365036010742,57.448265075683594
75,6,2,56.131752014160156,65.40252685546875
75,7,1,66.00617218017578,44.448974609375
75,8,1,67.60865020751953,31.376943588256836
75,14,1,53.72166061401367,59.314456939697266
75,15,2,63.022342681884766,37.371665954589844
75,16,2,54.75556182861328,17.249662399291992
75,22,2,67.09107208251953,56.96855926513672
75,34,1,60.13837814331055,64.2285385131836
76,1,1,62.470741271972656,57.794410705566406
76,3,1,52.805198669433594,43.32301712036133
76,5,2,59.647926330566406,57.46250915527344
76,6,2,56.11598205566406,65.4432601928711
76,7,1,66.03224182128906,44.359588623046875
76,8,1,67.64138793945312,31.381546020507812
76,14,1,53.69343948364258,59.30784606933594
76,15,2,63.08147430419922,37.491661071777344
76,16,2,54.9506950378418,16.95430564880371
76,22,2,67.20360565185547,56.8601188659668
76,34,1,60.1428108215332,64.22871398925781
77,1,1,62.50019073486328,57.738677978515625
77,3,1,52.88836669921875,43.33946228027344
77,5,2,59.69944381713867,57.47275161743164
77,6,2,56.105308532714844,65.52993774414062
77,7,1,66.01022338867188,44.354705810546875
77,8,1,67.74197387695312,31.401155471801758
77,14,1,53.6306037902832,59.239845275878906
77,15,2,63.13311004638672,37.61103057861328
77,16,2,55.084781646728516,17.146421432495117
77,22,2,67.27496337890625,56.80896759033203
77,34,1,60.173240661621094,64.2347412109375
78,1,1,62.51362609863281,57.66923522949219
78,3,1,52.884124755859375,43.412376403808594
78,5,2,59.69987106323242,57.46237564086914
78,6,2,56.05059051513672,65.59986114501953
78,7,1,65.99061584472656,44.33469009399414
78,8,1,67.79524230957031,31.389598846435547
78,14,1,53.55772018432617,59.3252067565918
78,15,2,63.12876510620117,37.48186111450195
78,16,2,55.264156341552734,16.987411499023438
78,22,2,67.31275177001953,56.805423736572266
78,34,1,60.229000091552734,64.18960571289062
79,1,1,62.48155975341797,57.658836364746094
79,3,1,52.86586380004883,43.40312194824219
79,5,2,59.7025032043457,57.459110260009766
79,6,2,56.01301956176758,65.6778793334961
79,7,1,66.03734588623047,44.33831787109375
79,8,1,67.90107727050781,31.40275764465332
79,14,1,53.412139892578125,59.29199981689453
79,15,2,63.167198181152344,37.701515197753906
79,16,2,55.419986724853516,16.84122657775879
79,22,2,67.3699722290039,56.81300354003906
79,34,1,60.31135940551758,64.10664367675781
80,1,1,62.45122146606445,57.65748977661133
80,3,1,52.89316177368164,43.4156494140625
80,5,2,59.72457504272461,57.468406677246094
80,6,2,55.99253463745117,65.76532745361328
80,7,1,66.08557891845703,44.35542297363281
80,8,1,68.03457641601562,31.310033798217773
80,14,1,53.28282928466797,59.32453918457031
80,15,2,63.19638442993164,37.71597671508789
80,16,2,55.60957336425781,16.724781036376953
80,22,2,67.44625854492188,56.83371353149414
80,34,1,60.41132354736328,64.03378295898438
81,1,1,62.45349884033203,57.75246810913086
81,3,1,52.962284088134766,43.38824462890625
81,5,2,59.77532958984375,57.51133346557617
81,6,2,56.00292205810547,65.8349380493164
81,7,1,66.1627197265625,44.233943939208984
81,8,1,68.10118865966797,31.522342681884766
81,14,1,53.17026901245117,59.330718994140625
81,15,2,63.24419021606445,37.892669677734375
81,16,2,55.78345489501953,16.849016189575195
81,22,2,67.54879760742188,56.82415008544922
81,34,1,60.52469253540039,63.88784408569336
82,1,1,62.56652069091797,57.81161880493164
82,3,1,53.12214660644531,43.56175994873047
82,5,2,59.90659713745117,57.5738410949707
82,6,2,56.05746841430664,65.87189483642578
82,7,1,66.25801086425781,44.40171813964844
82,8,1,68.25907897949219,31.75879669189453
82,14,1,53.183509826660156,59.365455627441406
82,15,2,63.434776306152344,37.886226654052734
82,16,2,56.09967041015625,17.34308624267578
82,22,2,67.68050384521484,56.88947296142578
82,34,1,60.69219970703125,63.8528938293457
83,1,1,62.6068229675293,57.79165267944336
83,3,1,53.19356155395508,43.35734939575195
83,5,2,59.972652435302734,57.498538970947266
83,6,2,56.020450592041016,65.80023193359375
83,7,1,66.28701782226562,44.27111053466797
83,8,1,68.26951599121094,31.830488204956055
83,14,1,53.171051025390625,59.28324508666992
83,15,2,63.51214599609375,37.851905822753906
83,16,2,56.27534484863281,17.301902770996094
83,22,2,67.8350601196289,56.56147003173828
83,34,1,60.791160583496094,63.603797912597656
84,1,1,62.709449768066406,57.620201110839844
84,3,1,53.294559478759766,43.277645111083984
84,5,2,60.073856353759766,57.389686584472656
84,6,2,56.04018020629883,65.71088409423828
84,7,1,66.32420349121094,44.26735305786133
84,8,1,68.31343078613281,31.82383155822754
84,14,1,53.19309616088867,59.06156539916992
84,15,2,63.574947357177734,37.85145950317383
84,16,2,56.5124626159668,17.4951114654541
84,22,2,67.97704315185547,56.383052825927734
84,34,1,60.89969253540039,63.52068328857422
85,1,1,62.78984069824219,57.488895416259766
85,3,1,53.37687683105469,43.26007843017578
85,5,2,60.15473175048828,57.321468353271484
85,6,2,56.074485778808594,65.6568603515625
85,7,1,66.2655029296875,44.31332778930664
85,8,1,68.3436508178711,31.90923500061035
85,14,1,53.18400573730469,58.87269592285156
85,15,2,63.653011322021484,37.93441390991211
85,16,2,56.787052154541016,17.652074813842773
85,22,2,68.0730972290039,56.31033706665039
85,34,1,61.00505065917969,63.47337341308594
86,1,1,62.884422302246094,57.36248779296875
86,3,1,53.45528030395508,43.24559783935547
86,5,2,60.24243927001953,57.195472717285156
86,6,2,56.13551330566406,65.610107421875
86,7,1,66.22360229492188,44.36669158935547
86,8,1,68.41842651367188,32.009033203125
86,14,1,53.15225601196289,58.736175537109375
86,15,2,63.70771026611328,38.125667572021484
86,16,2,57.04399108886719,17.977245330810547
86,22,2,68.18436431884766,56.17624282836914
86,34,1,61.12309265136719,63.4306640625
87,1,1,62.82989501953125,57.26533889770508
87,3,1,53.3702507019043,43.19468307495117
87,5,2,60.194793701171875,57.038883209228516
87,6,2,56.08677673339844,65.49456787109375
87,7,1,66.10115814208984,44.40022277832031
87,8,1,68.29684448242188,32.19219970703125
87,14,1,53.021663665771484,58.632720947265625
87,15,2,63.61928176879883,38.067169189453125
87,16,2,57.10185241699219,17.92699432373047
87,22,2,68.17282104492188,56.013858795166016
87,34,1,61.15074920654297,63.367431640625
88,1,1,63.00771713256836,57.231834411621094
88,3,1,53.612030029296875,43.143592834472656
88,5,2,60.36861801147461,57.00529861450195
88,6,2,56.25009536743164,65.4338607788086
88,7,1,66.32293701171875,44.341102600097656
88,8,1,68.58319091796875,32.235267639160156
88,14,1,53.029422760009766,58.57204818725586
88,15,2,63.794586181640625,38.19849395751953
88,16,2,57.56695556640625,18.001052856445312
88,22,2,68.40058898925781,55.98500442504883
88,34,1,61.39167404174805,63.260196685791016
89,1,1,63.050140380859375,57.10562515258789
89,3,1,53.74357604980469,42.97675704956055
89,5,2,60.41211700439453,56.94304656982422
89,6,2,56.28289031982422,65.38943481445312
89,7,1,66.42679595947266,44.161006927490234
89,8,1,68.65560913085938,32.35886764526367
89,14,1,52.96561050415039,58.438720703125
89,15,2,63.83888244628906,38.1918830871582
89,16,2,57.81956481933594,18.0277156829834
89,22,2,68.47415924072266,55.92247009277344
89,34,1,61.515987396240234,63.12661361694336
90,1,1,63.07172775268555,57.09733200073242
90,3,1,53.88913345336914,43.07844161987305
90,5,2,60.5136833190918,56.888893127441406
90,6,2,56.34978485107422,65.34933471679688
90,7,1,66.53926086425781,44.070594787597656
90,8,1,68.78626251220703,32.48658752441406
90,14,1,52.95073318481445,58.424354553222656
90,15,2,63.93671798706055,38.18983840942383
90,16,2,58.09608840942383,18.214296340942383
90,22,2,68.62869262695312,55.80421829223633
90,34,1,61.66701889038086,63.04563903808594
91,1,1,63.146732330322266,56.96563720703125
91,3,1,54.027584075927734,43.07712173461914
91,5,2,60.63494873046875,56.768184661865234
91,6,2,56.39401626586914,65.29890441894531
91,7,1,66.66200256347656,43.780399322509766
91,8,1,68.88269805908203,32.46468734741211
91,14,1,52.998634338378906,58.30309295654297
91,15,2,64.04668426513672,38.17683410644531
91,16,2,58.35715866088867,18.377174377441406
91,22,2,68.73751068115234,55.73591613769531
91,34,1,61.80007553100586,63.00531005859375
92,1,1,63.21847152709961,56.913150787353516
92,3,1,54.09645080566406,43.08583068847656
92,5,2,60.74961853027344,56.66225814819336
92,6,2,56.42926788330078,65.16828155517578
92,7,1,66.62623596191406,43.8626823425293
92,8,1,68.8612060546875,32.70637893676758
92,14,1,53.01411056518555,58.07609558105469
92,15,2,64.12733459472656,38.294986724853516
92,16,2,58.56477355957031,18.7360897064209
92,22,2,68.81842041015625,55.67997741699219
92,34,1,61.94347381591797,62.82666015625
93,1,1,63.311283111572266,56.887123107910156
93,3,1,54.16180419921875,42.94437789916992
93,5,2,60.87984085083008,56.51784896850586
93,6,2,56.48836135864258,65.14840698242188
93,7,1,66.69861602783203,43.71490478515625
93,8,1,68.94572448730469,32.760292053222656
93,14,1,53.084171295166016,57.590354919433594
93,15,2,64.25346374511719,38.35200881958008
93,16,2,58.84983825683594,18.6774845123291
93,34,1,62.15668487548828,62.523033142089844
94,1,1,63.42670822143555,56.739479064941406
94,3,1,54.259159088134766,42.90195083618164
94,5,2,60.99480056762695,56.43448257446289
94,6,2,56.55293655395508,65.17596435546875
94,7,1,66.72333526611328,43.750022888183594
94,14,1,53.17008590698242,57.39376449584961
94,15,2,64.35002136230469,38.40558624267578
94,16,2,59.12669372558594,18.947227478027344
94,34,1,62.34529495239258,62.31654357910156
95,1,1,63.58221435546875,56.480960845947266
95,3,1,54.4411735534668,42.800636291503906
95,5,2,61.13347625732422,56.30243682861328
95,6,2,56.66936492919922,65.13117218017578
95,7,1,66.8041763305664,43.71713638305664
95,14,1,53.23237609863281,57.25930404663086
95,15,2,64.48442840576172,38.48479461669922
95,16,2,59.45249938964844,18.928081512451172
95,34,1,62.53917694091797,62.223655700683594
96,1,1,63.63337707519531,56.39262390136719
96,3,1,54.558753967285156,42.8675537109375
96,5,2,61.209693908691406,56.15610885620117
96,6,2,56.703006744384766,65.0687026977539
96,7,1,66.85218048095703,43.77188491821289
96,14,1,53.177391052246094,57.21711730957031
96,15,2,64.5599365234375,38.55088424682617
96,16,2,59.70338439941406,19.217479705810547
96,34,1,62.69272994995117,62.121299743652344
97,1,1,63.43659973144531,56.347198486328125
97,3,1,54.441253662109375,42.65348815917969
97,5,2,61.04270935058594,56.05250930786133
97,6,2,56.59395980834961,64.95149230957031
97,7,1,66.69713592529297,43.349700927734375
97,14,1,52.98099899291992,56.995567321777344
97,15,2,64.32943725585938,38.49561309814453
97,16,2,59.6179313659668,19.18721580505371
97,34,1,62.65138244628906,62.00217056274414
98,1,1,63.61258316040039,56.252262115478516
98,3,1,54.72867202758789,42.618507385253906
98,5,2,61.23725128173828,56.02677917480469
98,6,2,56.8137092590332,64.95021057128906
98,7,1,66.94261932373047,43.30149459838867
98,14,1,53.16193389892578,56.91328430175781
98,15,2,64.56635284423828,38.54174041748047
98,16,2,60.09009552001953,19.440826416015625
98,34,1,62.923152923583984,61.95023727416992
98,81,1,66.31462860107422,32.8797721862793
99,1,1,62.8952522277832,56.044654846191406
99,3,1,53.93564987182617,42.279151916503906
99,5,2,60.56751251220703,55.76469802856445
99,6,2,56.27836608886719,64.70551300048828
99,7,1,66.11434173583984,42.94618225097656
99,8,1,68.53829193115234,32.45491409301758
99,14,1,52.5223388671875,56.66728210449219
99,15,2,63.67258834838867,38.36774826049805
99,16,2,59.16523742675781,19.265846252441406
99,22,2,68.86112213134766,54.610382080078125
99,34,1,62.41395950317383,61.742008209228516
99,81,1,65.42228698730469,32.458457946777344
100,1,1,63.66408920288086,56.152156829833984
100,3,1,54.89899826049805,42.4967155456543
100,5,2,61.42667770385742,55.760982513427734
100,6,2,56.96983337402344,64.76659393310547
100,7,1,67.03490447998047,43.25279998779297
100,14,1,53.31491470336914,56.48464584350586
100,15,2,64.73429870605469,38.6081657409668
100,16,2,60.608489990234375,19.59312629699707
100,34,1,63.24148941040039,61.870792388916016
100,81,1,66.59019470214844,32.59852600097656
101,1,1,63.75197219848633,56.05498504638672
101,3,1,55.03299331665039,42.268333435058594
101,5,2,61.576114654541016,55.6112060546875
101,6,2,57.04534912109375,64.60820007324219
101,7,1,67.0189208984375,43.27277755737305
101,14,1,53.35930633544922,56.144920349121094
101,15,2,64.89588928222656,38.45110321044922
101,16,2,60.90076446533203,19.690210342407227
101,34,1,63.44361877441406,61.70935821533203
102,1,1,63.829776763916016,55.93708038330078
102,3,1,55.09724807739258,42.184852600097656
102,5,2,61.68527603149414,55.499732971191406
102,6,2,57.12900161743164,64.53065490722656
102,7,1,67.0133056640625,43.268035888671875
102,14,1,53.33576583862305,55.83174133300781
102,15,2,65.00218963623047,38.360328674316406
102,16,2,61.13692092895508,19.569581985473633
102,34,1,63.553733825683594,61.72987747192383
103,1,1,63.968624114990234,55.74934768676758
103,3,1,55.23539733886719,42.09414291381836
103,5,2,61.81669235229492,55.310543060302734
103,6,2,57.220027923583984,64.44330596923828
103,7,1,67.06452178955078,43.252098083496094
103,14,1,53.330223083496094,55.62861251831055
103,15,2,65.1019515991211,38.3509635925293
103,16,2,61.361656188964844,19.893508911132812
103,34,1,63.72797775268555,61.58783721923828
104,1,1,63.469215393066406,55.3768310546875
104,3,1,54.597618103027344,41.95866775512695
104,5,2,61.30295181274414,55.06850051879883
104,6,2,56.77116775512695,64.20736694335938
104,7,1,66.3497543334961,43.10092544555664
104,14,1,52.72636413574219,55.439090728759766
104,15,2,64.3914566040039,38.200260162353516
104,16,2,60.60857009887695,19.732288360595703
104,34,1,63.327640533447266,61.338279724121094
105,1,1,64.24864959716797,55.447086334228516
105,3,1,55.55436325073242,42.21538162231445
105,5,2,62.07730484008789,55.138126373291016
105,6,2,57.44657516479492,64.2835693359375
105,7,1,67.24935150146484,43.251461029052734
105,14,1,53.444061279296875,55.503265380859375
105,15,2,65.3021240234375,38.56517791748047
105,16,2,61.924468994140625,20.263952255249023
105,34,1,64.09904479980469,61.42344284057617
106,1,1,64.4007339477539,55.338287353515625
106,3,1,55.72553253173828,42.148983001708984
106,5,2,62.24239730834961,55.03261184692383
106,6,2,57.583213806152344,64.16598510742188
106,7,1,67.4403305053711,42.99066925048828
106,14,1,53.57090759277344,55.33675765991211
106,15,2,65.43395233154297,38.582969665527344
106,16,2,62.205467224121094,20.46697425842285
106,34,1,64.34616088867188,61.2488899230957
107,1,1,63.890506744384766,54.22338104248047
107,3,1,55.0199089050293,40.69408416748047
107,5,2,61.68697738647461,53.98212432861328
107,6,2,57.118919372558594,63.3122444152832
107,7,1,66.88207244873047,41.40802764892578
107,14,1,52.937931060791016,54.138004302978516
107,15,2,64.74581909179688,37.15143585205078
107,16,2,61.52213668823242,18.24480438232422
107,34,1,63.994144439697266,60.23233413696289
108,1,1,64.63139343261719,55.17983627319336
108,3,1,56.10752487182617,42.03470230102539
108,5,2,62.53847885131836,54.88842010498047
108,6,2,57.89431381225586,63.989784240722656
108,7,1,67.70769500732422,42.84495162963867
108,12,2,52.93048095703125,40.63208770751953
108,14,1,53.834720611572266,54.81892395019531
108,15,2,65.69327545166016,38.73851013183594
108,16,2,62.86212158203125,20.750713348388672
108,34,1,64.79652404785156,61.00447463989258
109,1,1,64.5716781616211,55.038753509521484
109,3,1,56.081695556640625,41.850467681884766
109,5,2,62.52954864501953,54.75826644897461
109,6,2,57.90123748779297,63.852237701416016
109,7,1,67.62117767333984,42.64078903198242
109,12,2,52.95853042602539,40.55143356323242
109,14,1,53.80636215209961,54.434425354003906
109,15,2,65.69001007080078,38.532806396484375
109,16,2,62.94099426269531,20.62303924560547
109,34,1,64.84008026123047,60.850521087646484
110,1,1,64.67598724365234,54.96159362792969
110,3,1,56.21706008911133,41.9302978515625
110,5,2,62.653770446777344,54.75346374511719
110,6,2,58.010982513427734,63.80522537231445
110,7,1,67.66290283203125,42.80217742919922
110,12,2,53.14820861816406,40.45067596435547
110,14,1,53.88546371459961,54.162147521972656
110,15,2,65.82799530029297,38.6207160949707
110,16,2,63.22322082519531,20.768001556396484
110,34,1,65.01890563964844,60.80559539794922
111,1,1,64.94225311279297,54.89921951293945
111,3,1,56.57649230957031,41.8416862487793
111,5,2,62.96567916870117,54.6330680847168
111,6,2,58.24690628051758,63.72288513183594
111,7,1,67.9214096069336,42.883262634277344
111,12,2,53.52237319946289,40.45814895629883
111,14,1,54.08039093017578,53.959346771240234
111,15,2,66.19075012207031,38.61746597290039
111,16,2,63.722843170166016,20.91451072692871
111,34,1,65.34540557861328,60.775814056396484
112,1,1,64.97428894042969,54.70576477050781
112,3,1,56.610572814941406,41.76213455200195
112,5,2,62.99149703979492,54.439247131347656
112,6,2,58.24899673461914,63.630611419677734
112,7,1,67.859130859375,42.78120422363281
112,12,2,53.5750732421875,40.38063049316406
112,14,1,54.0024299621582,53.817630767822266
112,15,2,66.14801788330078,38.61846160888672
112,16,2,63.755523681640625,20.9351749420166
112,34,1,65.3647689819336,60.78480529785156
113,1,1,64.75119018554688,54.050907135009766
113,3,1,56.307193756103516,40.76215744018555
113,5,2,62.791202545166016,53.5814208984375
113,6,2,58.0400505065918,63.15873718261719
113,7,1,67.5801010131836,41.85385513305664
113,12,2,53.297054290771484,39.36689376831055
113,14,1,53.668731689453125,53.09911346435547
113,15,2,65.81558227539062,37.812713623046875
113,16,2,63.48887252807617,19.630056381225586
113,34,1,65.23136138916016,60.19904708862305
114,1,1,65.27154541015625,54.497314453125
114,3,1,56.98345184326172,41.46650695800781
114,5,2,63.32647705078125,54.10105895996094
114,6,2,58.513587951660156,63.54419708251953
114,7,1,68.16155242919922,42.55743408203125
114,12,2,54.09001541137695,40.10624313354492
114,14,1,54.24352264404297,53.67574691772461
114,15,2,66.3711929321289,38.78375244140625
114,16,2,64.28230285644531,21.217178344726562
114,34,1,65.75332641601562,60.643096923828125
115,1,1,65.36376190185547,54.36458206176758
115,3,1,57.11660385131836,41.47661209106445
115,5,2,63.43265914916992,53.97120666503906
115,6,2,58.61626052856445,63.40970993041992
115,7,1,68.30323791503906,42.27030944824219
115,12,2,54.30022048950195,39.93527603149414
115,14,1,54.36256790161133,53.55531692504883
115,15,2,66.44559478759766,38.77981948852539
115,16,2,64.4839096069336,21.22956657409668
115,34,1,65.90528106689453,60.5496711730957
116,1,1,65.6509780883789,54.33668518066406
116,3,1,57.48357391357422,41.43205642700195
116,5,2,63.683956146240234,54.00592803955078
116,6,2,58.90394592285156,63.35862731933594
116,7,1,68.65666198730469,41.91645812988281
116,12,2,54.717105865478516,39.79890060424805
116,14,1,54.674156188964844,53.40235900878906
116,15,2,66.75934600830078,38.81761932373047
116,16,2,64.9794692993164,21.449665069580078
116,34,1,66.26522064208984,60.43708801269531
117,1,1,65.76432800292969,54.2897834777832
117,3,1,57.68367385864258,41.47265625
117,5,2,63.813602447509766,53.9625129699707
117,6,2,59.094608306884766,63.2989501953125
117,7,1,68.84344482421875,41.75190353393555
117,12,2,54.97022247314453,39.751094818115234
117,14,1,54.814674377441406,53.296546936035156
117,15,2,66.9023666381836,38.84661102294922
117,16,2,65.26448822021484,21.506759643554688
117,34,1,66.48536682128906,60.308502197265625
118,1,1,65.81932830810547,54.31487274169922
118,3,1,57.79357147216797,41.513938903808594
118,5,2,63.9246940612793,53.998992919921875
118,6,2,59.23654556274414,63.238685607910156
118,7,1,68.83782958984375,41.97317123413086
118,12,2,55.164363861083984,39.909027099609375
118,14,1,54.88079071044922,53.18830871582031
118,15,2,67.01703643798828,38.99900817871094
118,16,2,65.43746185302734,21.888275146484375
118,34,1,66.66801452636719,60.12425994873047
119,1,1,65.66128540039062,52.96217727661133
119,3,1,57.52793502807617,39.641910552978516
119,5,2,63.81544876098633,52.51344680786133
119,6,2,59.079795837402344,62.22288131713867
119,7,1,68.64750671386719,40.34343719482422
119,12,2,54.83135223388672,37.97175216674805
119,14,1,54.535911560058594,51.703067779541016
119,15,2,66.92205810546875,37.054317474365234
119,16,2,65.33367919921875,19.041908264160156
119,34,1,66.69413757324219,58.908382415771484
120,1,1,65.99930572509766,54.18706512451172
120,3,1,58.209007263183594,41.2752685546875
120,5,2,64.2725601196289,53.623294830322266
120,6,2,59.531982421875,63.082862854003906
120,7,1,68.94288635253906,42.1616096496582
120,12,2,55.574100494384766,39.660072326660156
120,14,1,55.04833984375,53.063751220703125
120,15,2,67.3829574584961,38.92827606201172
120,16,2,65.9646224975586,22.09734535217285
120,34,1,67.0723876953125,59.95197296142578
121,1,1,66.08390808105469,54.16353225708008
121,3,1,58.36809158325195,41.25130844116211
121,5,2,64.39054870605469,53.53520584106445
121,6,2,59.632835388183594,62.97416305541992
121,7,1,68.97509002685547,42.31072235107422
121,12,2,55.748329162597656,39.73737335205078
121,14,1,55.15583801269531,53.114349365234375
121,15,2,67.4655990600586,38.99054718017578
121,16,2,66.20430755615234,22.211397171020508
121,34,1,67.20185852050781,60.003318786621094
122,1,1,66.19767761230469,54.02333068847656
122,3,1,58.51200485229492,41.152957916259766
122,5,2,64.51618194580078,53.32441329956055
122,6,2,59.73086929321289,62.87785720825195
122,12,2,55.96365737915039,39.55002975463867
122,14,1,55.245819091796875,52.90703201293945
122,15,2,67.58727264404297,38.873451232910156
122,16,2,66.43193817138672,22.051172256469727
122,34,1,67.3597412109375,59.89913558959961
123,1,1,65.65545654296875,53.618927001953125
123,3,1,57.85813522338867,40.61621856689453
123,5,2,63.95988464355469,52.84159851074219
123,6,2,59.26547622680664,62.573265075683594
123,7,1,68.44316864013672,41.553646087646484
123,12,2,55.32518005371094,39.106231689453125
123,14,1,54.633949279785156,52.42961502075195
123,15,2,66.83219909667969,38.490013122558594
123,16,2,65.60440826416016,21.70829200744629
123,34,1,66.90348052978516,59.56050491333008
124,1,1,66.3304443359375,53.65620803833008
124,3,1,58.657875061035156,41.033565521240234
124,5,2,64.6235122680664,53.02035140991211
124,6,2,59.83952331542969,62.7215461730957
124,12,2,56.165489196777344,39.53825378417969
124,14,1,55.274200439453125,52.532562255859375
124,15,2,67.5969467163086,38.926979064941406
124,16,2,66.58512878417969,22.31361961364746
124,34,1,67.53854370117188,59.78582000732422
125,1,1,66.0134048461914,52.96616744995117
125,3,1,58.19331359863281,40.384342193603516
125,5,2,64.23856353759766,52.4583625793457
125,6,2,59.53753662109375,62.21733474731445
125,7,1,68.71549987792969,41.19646072387695
125,12,2,55.74410629272461,38.88349533081055
125,14,1,54.88408279418945,51.77920150756836
125,15,2,67.12889099121094,38.218353271484375
125,16,2,66.09620666503906,21.325510025024414
125,34,1,67.2779769897461,59.335227966308594
126,1,1,65.83165740966797,53.14068603515625
126,3,1,58.05682373046875,40.84040069580078
126,5,2,64.08476257324219,52.71237564086914
126,6,2,59.45000457763672,62.34883117675781
126,7,1,68.51227569580078,41.45261001586914
126,12,2,55.68821716308594,39.36833572387695
126,14,1,54.78281021118164,51.892662048339844
126,15,2,66.87933349609375,38.594425201416016
126,16,2,65.86063385009766,22.054292678833008
126,34,1,67.17826843261719,59.5492057800293
127,1,1,66.76570129394531,53.30790710449219
127,3,1,59.24715805053711,41.05018615722656
127,5,2,65.07575988769531,52.89113235473633
127,6,2,60.3055305480957,62.45644760131836
127,11,2,52.68191146850586,52.34556579589844
127,12,2,56.92331314086914,39.48539733886719
127,14,1,55.751853942871094,51.855770111083984
127,15,2,68.04486846923828,38.903953552246094
127,16,2,67.28995513916016,22.6036434173584
127,34,1,68.14765930175781,59.66845703125
128,1,1,66.64151000976562,53.26880645751953
128,3,1,59.20085525512695,40.923828125
128,5,2,65.04090118408203,52.72401809692383
128,6,2,60.282562255859375,62.338706970214844
128,11,2,52.67710876464844,52.125343322753906
128,12,2,56.864070892333984,39.45423889160156
128,14,1,55.64513397216797,51.60701370239258
128,15,2,67.9397964477539,38.86212921142578
128,16,2,67.19178009033203,22.710420608520508
128,34,1,68.12200164794922,59.59171676635742
129,1,1,66.71820831298828,53.15123748779297
129,3,1,59.35062789916992,40.6747932434082
129,5,2,65.15026092529297,52.538612365722656
129,6,2,60.36833953857422,62.261661529541016
129,11,2,52.80375289916992,51.88618850708008
129,12,2,56.98931121826172,39.395992279052734
129,14,1,55.71784210205078,51.49113082885742
129,15,2,68.03585052490234,38.791656494140625
129,16,2,67.3336410522461,22.609819412231445
129,34,1,68.2817611694336,59.453853607177734
130,1,1,66.89112091064453,52.93821334838867
130,3,1,59.52179718017578,40.171634674072266
130,5,2,65.33261108398438,52.17649841308594
130,6,2,60.52920913696289,62.013790130615234
130,11,2,52.908634185791016,51.5309944152832
130,12,2,57.13642501831055,38.97938537597656
130,14,1,55.816524505615234,51.19535827636719
130,15,2,68.22984313964844,38.46070098876953
130,16,2,67.6186752319336,21.97685432434082
130,34,1,68.53353881835938,59.17778396606445
131,1,1,66.93485260009766,52.991085052490234
131,3,1,59.600765228271484,40.24765396118164
131,5,2,65.39463806152344,52.15909194946289
131,6,2,60.57594299316406,62.10698699951172
131,11,2,52.94169616699219,51.579742431640625
131,12,2,57.2403678894043,39.0615234375
131,14,1,55.80424118041992,51.30831527709961
131,15,2,68.28218078613281,38.536865234375
131,16,2,67.7380599975586,22.09531021118164
131,34,1,68.65933227539062,59.24000549316406
132,1,1,67.07159423828125,52.95348358154297
132,3,1,59.72968292236328,40.18433380126953
132,5,2,65.51164245605469,52.116455078125
132,6,2,60.69565963745117,62.0326042175293
132,11,2,53.04610824584961,51.46802520751953
132,12,2,57.390113830566406,39.00078582763672
132,14,1,55.828025817871094,51.321163177490234
132,15,2,68.40286254882812,38.57337188720703
132,16,2,67.93991088867188,21.99477767944336
132,34,1,68.82035064697266,59.218536376953125
133,1,1,67.18296813964844,52.75962829589844
133,3,1,59.806758880615234,40.10623550415039
133,5,2,65.58415222167969,52.06159973144531
133,6,2,60.768226623535156,61.9986686706543
133,11,2,53.08835220336914,51.34022903442383
133,12,2,57.4779167175293,39.02574157714844
133,14,1,55.864105224609375,51.333595275878906
133,15,2,68.42296600341797,38.58515548706055
133,16,2,67.99114227294922,22.17452621459961
133,34,1,68.9571304321289,59.25078582763672
134,1,1,67.2275619506836,52.6823616027832
134,3,1,59.857337951660156,40.10001754760742
134,5,2,65.59233856201172,52.12595748901367
134,6,2,60.820980072021484,62.000911712646484
134,11,2,53.11726760864258,51.192535400390625
134,12,2,57.538021087646484,38.91856002807617
134,14,1,55.91877746582031,51.18838119506836
134,15,2,68.45438385009766,38.57362747192383
134,16,2,68.05671691894531,22.161855697631836
135,1,1,67.27751159667969,52.640045166015625
135,3,1,59.93106460571289,40.04365539550781
135,5,2,65.62384796142578,52.1544075012207
135,6,2,60.85476303100586,62.07579040527344
135,11,2,53.173919677734375,51.153831481933594
135,12,2,57.64257049560547,38.7640380859375
135,14,1,55.96562576293945,51.074127197265625
135,15,2,68.46665954589844,38.71784591674805
135,16,2,68.15728759765625,22.228511810302734
136,1,1,67.31591033935547,52.62907028198242
136,3,1,60.030853271484375,39.93697738647461
136,5,2,65.69844055175781,52.07581329345703
136,6,2,60.90151596069336,62.07213592529297
136,11,2,53.22624969482422,51.14649963378906
136,12,2,57.71971130371094,38.85672378540039
136,14,1,55.99429702758789,50.91575241088867
136,15,2,68.51205444335938,38.80864715576172
136,16,2,68.27099609375,22.052927017211914
137,1,1,67.33396911621094,52.61958312988281
137,3,1,60.050235748291016,39.92296600341797
137,5,2,65.75293731689453,51.99855041503906
137,6,2,60.91559600830078,62.06575393676758
137,11,2,53.25990295410156,51.140750885009766
137,12,2,57.748653411865234,38.74116134643555
137,14,1,56.016868591308594,50.613670349121094
137,15,2,68.58393859863281,38.58502197265625
137,16,2,68.32721710205078,21.877094268798828
138,1,1,67.3279800415039,52.622135162353516
138,3,1,60.123809814453125,39.841346740722656
138,5,2,65.82064819335938,51.86543655395508
138,6,2,60.9108772277832,62.06744384765625
138,11,2,53.292293548583984,51.15095520019531
138,12,2,57.77736282348633,38.85538101196289
138,14,1,56.05022430419922,50.40217208862305
138,15,2,68.64991760253906,38.383880615234375
138,16,2,68.46224975585938,21.592565536499023
139,1,1,67.33018493652344,52.55796813964844
139,3,1,60.202423095703125,39.46183776855469
139,5,2,65.87606048583984,51.659576416015625
139,6,2,60.92363357543945,62.02457046508789
139,11,2,53.303401947021484,51.01980209350586
139,12,2,57.82430648803711,38.672061920166016
139,14,1,56.0798454284668,50.34381866455078
139,15,2,68.67753601074219,38.293792724609375
139,16,2,68.58384704589844,21.15523338317871
140,1,1,67.39253997802734,52.495906829833984
140,3,1,60.30202865600586,39.27585220336914
140,5,2,65.97297668457031,51.45051574707031
140,6,2,60.95976257324219,62.0319709777832
140,11,2,53.31143569946289,50.949729919433594
140,12,2,57.875,38.68230438232422
140,14,1,56.07792282104492,50.41774368286133
140,15,2,68.73186492919922,38.19404602050781
140,16,2,68.6190414428711,21.162263870239258
141,1,1,67.40962982177734,52.498016357421875
141,3,1,60.357879638671875,39.18177032470703
141,5,2,65.98866271972656,51.37569808959961
141,6,2,61.00615692138672,62.04051208496094
141,11,2,53.30905532836914,50.94792938232422
141,12,2,57.95026397705078,38.59189987182617
141,14,1,56.08876419067383,50.26979446411133
141,15,2,68.75082397460938,38.30655288696289
142,1,1,67.4615478515625,52.43199920654297
142,3,1,60.4185676574707,39.19173812866211
142,5,2,66.0216064453125,51.38070297241211
142,6,2,61.049400329589844,62.04820251464844
142,11,2,53.321754455566406,50.94892883300781
142,12,2,58.02127456665039,38.49995422363281
142,14,1,56.08261489868164,50.26689910888672
142,15,2,68.76708984375,38.30738830566406
143,1,1,67.37852478027344,52.41671371459961
143,3,1,60.330543518066406,39.27964401245117
143,5,2,65.90043640136719,51.43430709838867
143,6,2,61.0123176574707,62.04173278808594
143,11,2,53.24106979370117,50.93403625488281
143,12,2,57.95891189575195,38.59356689453125
143,14,1,56.000282287597656,50.25174331665039
143,15,2,68.64283752441406,38.28470230102539
144,1,1,67.57188415527344,52.154632568359375
144,3,1,60.50200271606445,39.21073532104492
144,5,2,66.05291748046875,51.3118782043457
144,6,2,61.15131759643555,62.01755905151367
144,11,2,53.3607177734375,50.81444549560547
144,12,2,58.13811492919922,38.421451568603516
144,14,1,56.12844467163086,50.1283073425293
144,16,2,68.83181762695312,20.71367073059082
145,1,1,67.47516632080078,52.210601806640625
145,3,1,60.470497131347656,39.1006965637207
145,5,2,65.9750747680664,51.29610061645508
145,6,2,61.10307312011719,62.007713317871094
145,11,2,53.297447204589844,50.94551467895508
145,12,2,58.070220947265625,38.407806396484375
145,14,1,56.07823944091797,49.81721115112305
145,16,2,68.68765258789062,20.848173141479492
146,1,1,67.49462890625,52.13896942138672
146,5,2,66.01251983642578,51.22676086425781
146,6,2,61.12947082519531,61.96041488647461
146,11,2,53.31623840332031,50.9493408203125
146,12,2,58.11558151245117,38.41696548461914
146,14,1,56.12433624267578,49.52294158935547
146,16,2,68.7160415649414,20.85383415222168
146,15,2,68.7148208618164,38.188499450683594
147,1,1,67.47539520263672,52.059295654296875
147,5,2,66.06958770751953,51.16123580932617
147,6,2,61.16173553466797,61.96702194213867
147,11,2,53.31623840332031,50.9493408203125
147,12,2,58.16094207763672,38.42612075805664
147,14,1,56.164039611816406,49.30147933959961
147,16,2,68.74668884277344,20.696796417236328
147,15,2,68.7635498046875,38.08730697631836
147,3,1,60.6111946105957,38.92080307006836
148,1,1,67.4560317993164,52.055355072021484
148,5,2,66.10578918457031,51.01381301879883
148,6,2,61.167537689208984,62.020912170410156
148,11,2,53.33502960205078,50.95316696166992
148,12,2,58.183624267578125,38.430702209472656
148,14,1,56.164039611816406,49.30147933959961
148,16,2,68.71825408935547,20.691125869750977
148,15,2,68.78893280029297,37.98110580444336
148,3,1,60.647735595703125,38.82361602783203
149,1,1,67.47551727294922,51.9833869934082
149,5,2,66.14215850830078,50.86572265625
149,6,2,61.18365478515625,62.02421569824219
149,11,2,53.33155059814453,51.024173736572266
149,12,2,58.20630645751953,38.435279846191406
149,14,1,56.1834831237793,49.30543518066406
149,15,2,68.78893280029297,37.98110580444336
149,3,1,60.73512268066406,38.52589797973633
150,1,1,67.49490356445312,51.987327575683594
150,5,2,66.16040802001953,50.79142379760742
150,6,2,61.199771881103516,62.02751541137695
150,11,2,53.35032272338867,51.02799606323242
150,12,2,58.25166702270508,38.44443893432617
150,14,1,56.190311431884766,49.22996520996094
150,15,2,68.76544952392578,37.97637176513672
150,3,1,60.79486846923828,38.432281494140625
151,1,1,67.49490356445312,51.987327575683594
151,5,2,66.17869567871094,50.71695327758789
151,6,2,61.194000244140625,61.973628997802734
151,11,2,53.37261199951172,50.960819244384766
151,12,2,58.28507614135742,38.346649169921875
151,14,1,56.20977783203125,49.23392105102539
151,15,2,68.78893280029297,37.98110580444336
151,3,1,60.81771469116211,38.4368896484375
152,1,1,67.51445007324219,51.915199279785156
152,5,2,66.13935852050781,50.70895767211914
152,6,2,61.199771881103516,62.02751541137695
152,11,2,53.35382080078125,50.956993103027344
152,12,2,58.33049774169922,38.35581970214844
152,14,1,56.20977783203125,49.23392105102539
152,15,2,68.78893280029297,37.98110580444336
152,3,1,60.863407135009766,38.44611358642578
152,16,2,68.72047424316406,20.527881622314453
153,1,1,67.55389404296875,51.69387435913086
153,5,2,66.11968994140625,50.704959869384766
153,6,2,61.199771881103516,62.02751541137695
153,11,2,53.3197021484375,50.878173828125
153,12,2,58.35321044921875,38.36040496826172
153,14,1,56.216644287109375,49.15828323364258
153,15,2,68.7184829711914,37.96690368652344
153,3,1,60.90052795410156,38.3476448059082
153,16,2,68.72270965576172,20.364097595214844
154,1,1,67.59334564208984,51.548133850097656
154,5,2,66.10002136230469,50.700965881347656
154,6,2,61.21012878417969,61.976932525634766
154,11,2,53.28207778930664,50.870513916015625
154,12,2,58.36405563354492,38.257781982421875
154,14,1,56.243038177490234,49.08644485473633
154,15,2,68.67151641845703,37.957435607910156
154,3,1,60.937747955322266,38.2489128112793
154,16,2,68.72718811035156,20.03489875793457
155,1,1,67.6131362915039,51.475013732910156
155,5,2,66.09857177734375,50.62230682373047
155,6,2,61.21012878417969,61.976932525634766
155,11,2,53.28207778930664,50.870513916015625
155,12,2,58.40953826904297,38.266963958740234
155,14,1,56.24995803833008,49.010467529296875
155,15,2,68.67151641845703,37.957435607910156
155,3,1,60.99800491333008,38.15454864501953
155,16,2,68.63922119140625,20.182682037353516
156,1,1,67.55451202392578,51.463096618652344
156,5,2,66.09711456298828,50.54346466064453
156,6,2,61.236656188964844,61.929561614990234
156,11,2,53.263267517089844,50.86668395996094
156,12,2,58.44324493408203,38.16868209838867
156,14,1,56.256893157958984,48.93431854248047
156,15,2,68.67328643798828,37.84617614746094
156,3,1,61.02094650268555,38.159175872802734
156,16,2,68.58207702636719,20.17129135131836
157,1,1,67.51542663574219,51.45515060424805
157,5,2,66.11396026611328,50.38926315307617
157,6,2,61.26323318481445,61.88209915161133
157,11,2,53.263267517089844,50.86668395996094
157,12,2,58.46525955200195,37.96210861206055
157,14,1,56.291812896728516,48.55096435546875
157,15,2,68.7239990234375,37.632240295410156
157,3,1,61.09600830078125,37.96041488647461
157,16,2,68.5249252319336,20.15989875793457
158,1,1,67.51559448242188,51.37786865234375
158,5,2,66.13087463378906,50.23434829711914
158,6,2,61.273681640625,61.83123779296875
158,11,2,53.24106979370117,50.93403625488281
158,12,2,58.46525955200195,37.96210861206055
158,14,1,56.30588912963867,48.396392822265625
158,15,2,68.7258529663086,37.520076751708984
158,3,1,61.14841079711914,37.75593566894531
158,16,2,68.43744659423828,20.307226181030273
159,1,1,67.45680236816406,51.443233489990234
159,5,2,66.14787292480469,50.0787239074707
159,6,2,61.273681640625,61.83123779296875
159,11,2,53.203487396240234,50.926387786865234
159,12,2,58.46525955200195,37.96210861206055
159,14,1,56.31295394897461,48.318843841552734
159,15,2,68.72770690917969,37.4076042175293
159,3,1,61.171470642089844,37.760589599609375
159,16,2,68.41063690185547,20.137117385864258
160,1,1,67.49617004394531,51.29642868041992
160,5,2,66.12659454345703,49.99458694458008
160,6,2,61.273681640625,61.83123779296875
160,11,2,53.203487396240234,50.926387786865234
160,12,2,58.499176025390625,37.8630256652832
160,14,1,56.31295394897461,48.318843841552734
160,15,2,68.70406341552734,37.40283966064453
160,3,1,61.209354400634766,37.66027069091797
160,16,2,68.44275665283203,19.81234359741211
161,1,1,67.4963150024414,51.21879196166992
161,5,2,66.10671997070312,49.99054718017578
161,6,2,61.273681640625,61.83123779296875
161,11,2,53.203487396240234,50.926387786865234
161,12,2,58.499176025390625,37.8630256652832
161,14,1,56.32003402709961,48.241111755371094
161,15,2,68.65677642822266,37.393314361572266
161,3,1,61.22421646118164,37.55501937866211
161,16,2,68.41582489013672,19.640562057495117
162,1,1,67.53609466552734,50.9928092956543
162,5,2,66.10526275634766,49.910255432128906
162,6,2,61.273681640625,61.83123779296875
162,11,2,53.2222785949707,50.930213928222656
162,12,2,58.499176025390625,37.8630256652832
162,14,1,56.33979034423828,48.24512481689453
162,15,2,68.60948944091797,37.383785247802734
162,3,1,61.285430908203125,37.458824157714844
162,16,2,68.3871078491211,19.63484001159668
163,1,1,67.55619049072266,50.83995819091797
163,5,2,66.0838851928711,49.82572937011719
163,6,2,61.257503509521484,61.82792663574219
163,11,2,53.24106979370117,50.93403625488281
163,12,2,58.499176025390625,37.8630256652832
163,14,1,56.3666877746582,48.17123794555664
163,15,2,68.58751678466797,37.266204833984375
163,3,1,61.30858612060547,37.46349334716797
163,16,2,68.32968139648438,19.623395919799805
164,1,1,67.55640411376953,50.76126480102539
164,5,2,66.0823974609375,49.745059967041016
164,6,2,61.24132537841797,61.824615478515625
164,11,2,53.2222785949707,50.930213928222656
164,12,2,58.51028823852539,37.75905990600586
164,14,1,56.38102340698242,48.01490020751953
164,15,2,68.56547546386719,37.14830017089844
164,3,1,61.30858612060547,37.46349334716797
164,16,2,68.27225494384766,19.61195182800293
165,1,1,67.55682373046875,50.603336334228516
165,5,2,66.08090209960938,49.66420364379883
165,6,2,61.23556900024414,61.77033615112305
165,11,2,53.20015335083008,50.99742126464844
165,12,2,58.51028823852539,37.75905990600586
165,14,1,56.41529083251953,47.861873626708984
165,15,2,68.56712341308594,37.034854888916016
165,3,1,61.33174514770508,37.46816635131836
165,16,2,68.15608978271484,19.755212783813477
166,1,1,67.44434356689453,50.3957633972168
166,5,2,65.98345947265625,49.4562873840332
166,6,2,61.141456604003906,61.73371124267578
166,11,2,53.069419860839844,50.94741439819336
166,12,2,58.3989372253418,37.70186233520508
166,14,1,56.3321533203125,47.657958984375
166,15,2,68.4086685180664,36.965728759765625
166,3,1,61.273468017578125,37.20276641845703
166,16,2,67.93585205078125,19.657062530517578
167,1,1,67.5381851196289,50.121124267578125
167,5,2,66.11356353759766,49.26525115966797
167,6,2,61.203182220458984,61.76370620727539
167,11,2,53.128326416015625,50.91108322143555
167,12,2,58.51028823852539,37.75905990600586
167,14,1,56.44438171386719,47.54558181762695
167,15,2,68.49745178222656,36.90673065185547
167,3,1,61.43080139160156,36.94102096557617
167,16,2,67.9841079711914,19.720935821533203
168,1,1,67.4986343383789,49.9521369934082
168,5,2,66.11062622070312,49.10109329223633
168,6,2,61.170799255371094,61.757076263427734
168,11,2,53.068763732910156,50.970672607421875
168,12,2,58.498504638671875,37.65019226074219
168,14,1,56.451698303222656,47.46604919433594
168,15,2,68.42613220214844,36.892364501953125
168,3,1,61.44610595703125,36.83379364013672
168,16,2,67.86944580078125,19.698083877563477
169,1,1,67.398681640625,50.17298126220703
169,5,2,66.06885528564453,49.01054763793945
169,6,2,61.18117904663086,61.70600128173828
169,11,2,53.03437423706055,50.8919563293457
169,12,2,58.486690521240234,37.54103088378906
169,14,1,56.451698303222656,47.46604919433594
169,15,2,68.40235900878906,36.887577056884766
169,3,1,61.46145248413086,36.72627258300781
169,16,2,67.84235382080078,19.35932731628418
170,1,1,67.3787841796875,50.0887451171875
170,5,2,66.0083999633789,48.99827575683594
170,6,2,61.18117904663086,61.70600128173828
170,11,2,53.01558303833008,50.88813018798828
170,12,2,58.497833251953125,37.43621826171875
170,14,1,56.471683502197266,47.47010803222656
170,15,2,68.35617065429688,36.76387023925781
170,3,1,61.45343017578125,36.61374282836914
170,16,2,67.7855224609375,19.180492401123047
171,1,1,67.3588638305664,50.08469772338867
171,5,2,65.94795227050781,48.98600387573242
171,6,2,61.16497039794922,61.70268249511719
171,11,2,52.993682861328125,50.955387115478516
171,14,1,56.47903823852539,47.39039611816406
171,15,2,68.28475952148438,36.749488830566406
171,3,1,61.46882629394531,36.50563049316406
171,16,2,67.72791290283203,19.16901397705078
172,1,1,67.35883331298828,49.923744201660156
172,5,2,65.9462890625,48.90340805053711
172,6,2,61.148765563964844,61.699363708496094
172,11,2,52.97491455078125,50.95156478881836
172,14,1,56.49905014038086,47.39445877075195
172,15,2,68.21334838867188,36.735103607177734
172,3,1,61.48426818847656,36.397220611572266
172,16,2,67.6707992553711,18.989564895629883
173,1,1,67.26456451416016,49.637672424316406
173,5,2,65.82715606689453,48.689579010009766
173,6,2,61.07521057128906,61.56174087524414
173,11,2,52.86918258666992,50.765106201171875
173,14,1,56.423133850097656,47.109989166259766
173,15,2,68.05509185791016,36.554420471191406
173,3,1,61.40223693847656,36.1234130859375
173,16,2,67.44880676269531,18.726573944091797
173,12,2,58.305179595947266,37.25809860229492
174,1,1,67.29875183105469,49.74985122680664
174,5,2,65.88228607177734,48.72532653808594
174,6,2,61.12668991088867,61.641544342041016
174,11,2,52.94042205810547,50.87282943725586
174,14,1,56.49380111694336,47.230411529541016
174,15,2,68.1191635131836,36.601417541503906
174,3,1,61.47624206542969,36.283782958984375
174,16,2,67.52653503417969,18.960824966430664
174,12,2,58.38290786743164,37.413028717041016
175,1,1,67.27873992919922,49.745784759521484
175,5,2,65.89732360839844,48.47929000854492
175,6,2,61.11046600341797,61.638221740722656
175,11,2,52.92466354370117,50.797752380371094
175,14,1,56.50863265991211,47.069679260253906
175,15,2,68.09632873535156,36.481788635253906
175,3,1,61.49173355102539,36.174774169921875
175,16,2,67.35342407226562,18.92633819580078
175,12,2,58.35992431640625,37.40839385986328
176,1,1,67.21868896484375,49.73358917236328
176,5,2,65.89385223388672,48.311546325683594
176,6,2,61.067726135253906,61.68277359008789
176,11,2,52.905853271484375,50.793922424316406
176,14,1,56.54368591308594,46.91228485107422
176,15,2,68.07343292236328,36.36183166503906
176,3,1,61.483699798583984,36.06071853637695
176,16,2,67.2667007446289,18.74043846130371
176,12,2,58.336936950683594,37.40375518798828
177,1,1,67.17865753173828,49.725460052490234
177,5,2,65.8903579711914,48.143009185791016
177,6,2,61.05152130126953,61.6794548034668
177,11,2,52.890045166015625,50.71867752075195
177,14,1,56.551185607910156,46.831260681152344
177,15,2,68.05046844482422,36.241539001464844
177,3,1,61.499244689941406,35.951107025146484
177,16,2,67.1803207397461,18.89185333251953
177,12,2,58.3139533996582,37.39912033081055
178,1,1,67.15839385986328,49.64021682739258
178,5,2,65.84778594970703,48.05015563964844
178,6,2,61.00887680053711,61.72392272949219
178,11,2,52.85238265991211,50.71101379394531
178,14,1,56.57379150390625,46.58705139160156
178,15,2,68.00260162353516,36.23189926147461
178,3,1,61.45204162597656,35.94159698486328
178,16,2,67.12178802490234,18.54238510131836
178,12,2,58.3139533996582,37.39912033081055
179,1,1,67.1380844116211,49.554779052734375
179,5,2,65.82554626464844,47.96123123168945
179,6,2,60.9926872253418,61.72060775756836
179,11,2,52.833553314208984,50.70718002319336
179,14,1,56.588951110839844,46.423282623291016
179,15,2,67.9555435180664,36.1064338684082
179,3,1,61.443931579589844,35.82691192626953
179,16,2,67.06389617919922,18.530855178833008
179,12,2,58.29096984863281,37.39448165893555
180,1,1,67.13780975341797,49.47322082519531
180,5,2,65.78466796875,47.95294189453125
180,6,2,60.97649383544922,61.71729278564453
180,11,2,52.814720153808594,50.703346252441406
180,14,1,56.588951110839844,46.423282623291016
180,15,2,67.90760803222656,36.09678268432617
180,3,1,61.45946502685547,35.716678619384766
180,16,2,66.97640228271484,18.34367561340332
180,12,2,58.29096984863281,37.39448165893555
181,1,1,67.13726806640625,49.30952835083008
181,5,2,65.7809066772461,47.782752990722656
181,6,2,60.960304260253906,61.7139778137207
181,11,2,52.79589080810547,50.69951248168945
181,14,1,56.588951110839844,46.423282623291016
181,15,2,67.88435363769531,35.975791931152344
181,3,1,61.45946502685547,35.716678619384766
181,16,2,66.86128234863281,18.49049949645996
181,12,2,58.26798629760742,37.38984298706055
182,1,1,67.13644409179688,49.062557220458984
182,5,2,65.75850677490234,47.69319534301758
182,6,2,60.927921295166016,61.70734786987305
182,11,2,52.77418518066406,50.767120361328125
182,14,1,56.596561431884766,46.34111022949219
182,15,2,67.83700561523438,35.84962463378906
182,3,1,61.45946502685547,35.716678619384766
182,16,2,66.71765899658203,18.631071090698242
182,12,2,58.243648529052734,37.169960021972656
183,1,1,67.15589141845703,48.81795883178711
183,5,2,65.73605346679688,47.60342788696289
183,6,2,60.895538330078125,61.70071792602539
183,11,2,52.74968719482422,50.90571212768555
183,14,1,56.596561431884766,46.34111022949219
183,15,2,67.81358337402344,35.72795486450195
183,3,1,61.43579864501953,35.711910247802734
183,16,2,66.60208129882812,18.608049392700195
183,12,2,58.20835494995117,37.0549201965332
184,1,1,67.1556396484375,48.73466873168945
184,5,2,65.75080108642578,47.349552154541016
184,6,2,60.90565872192383,61.649593353271484
184,11,2,52.74968719482422,50.90571212768555
184,14,1,56.62452697753906,46.26286697387695
184,15,2,67.76544952392578,35.71826171875
184,3,1,61.427642822265625,35.59659194946289
184,16,2,66.48650360107422,18.58502769470215
184,12,2,58.17296600341797,36.9395751953125
185,1,1,67.0947494506836,48.72230911254883
185,5,2,65.72626495361328,47.172306060791016
185,6,2,60.89348220825195,61.540401458740234
185,11,2,52.746849060058594,50.976688385009766
185,14,1,56.62452697753906,46.26286697387695
185,15,2,67.71731567382812,35.70857238769531
185,3,1,61.419464111328125,35.48095703125
185,16,2,66.42713928222656,18.404029846191406
185,12,2,58.14986038208008,36.934913635253906
186,1,1,67.09442138671875,48.63880920410156
186,5,2,65.70361328125,47.081268310546875
186,6,2,60.86100769042969,61.53375244140625
186,11,2,52.76559829711914,50.980506896972656
186,14,1,56.63219451904297,46.1803092956543
186,15,2,67.669189453125,35.698883056640625
186,3,1,61.3802490234375,35.58704376220703
186,16,2,66.34031677246094,18.386737823486328
186,12,2,58.10364532470703,36.92559051513672
186,7,1,68.96009826660156,36.424705505371094
187,1,1,67.05377960205078,48.63056182861328
187,5,2,65.66020202636719,46.98581314086914
187,6,2,60.864994049072266,61.42747116088867
187,11,2,52.746849060058594,50.976688385009766
187,14,1,56.652557373046875,46.18444061279297
187,15,2,67.62105560302734,35.68919372558594
187,3,1,61.38750076293945,35.3602180480957
187,16,2,66.30780792236328,18.04021644592285
187,12,2,58.091209411621094,36.81458282470703
187,7,1,68.91221618652344,36.41506576538086
188,1,1,67.01313018798828,48.622314453125
188,5,2,65.59809112548828,46.97321701049805
188,6,2,60.842567443847656,61.369178771972656
188,11,2,52.76559829711914,50.980506896972656
188,14,1,56.67292404174805,46.18857192993164
188,15,2,67.57292175292969,35.67950439453125
188,3,1,61.37096405029297,35.12733840942383
188,16,2,66.2497329711914,18.02865219116211
188,12,2,58.05743408203125,36.9162712097168
188,7,1,68.86434173583984,36.40542221069336
189,1,1,67.01271057128906,48.538597106933594
189,5,2,65.55450439453125,46.87752151489258
189,6,2,60.84653091430664,61.26227951049805
189,11,2,52.7440185546875,51.04751205444336
189,14,1,56.69328689575195,46.19270706176758
189,15,2,67.57320404052734,35.56228256225586
189,3,1,61.323307037353516,35.117740631103516
189,16,2,66.18966674804688,17.845809936523438
189,12,2,58.03432846069336,36.9116096496582
189,7,1,68.84040069580078,36.40060043334961
190,1,1,67.0118637084961,48.370574951171875
190,5,2,65.51304626464844,46.86911392211914
190,6,2,60.83021545410156,61.258941650390625
190,11,2,52.72529220581055,51.043697357177734
190,14,1,56.713653564453125,46.19683837890625
190,15,2,67.50090789794922,35.5477294921875
190,3,1,61.27565383911133,35.1081428527832
190,16,2,66.1024169921875,17.82843780517578
190,12,2,58.01122283935547,36.90694808959961
190,7,1,68.84243774414062,36.285011291503906
191,1,1,66.99102020263672,48.28211975097656
191,5,2,65.46929931640625,46.77317810058594
191,6,2,60.82402038574219,61.20366668701172
191,11,2,52.706565856933594,51.039886474609375
191,14,1,56.701045989990234,46.10996627807617
191,15,2,67.45271301269531,35.538028717041016
191,3,1,61.25182342529297,35.10334396362305
191,16,2,66.0151596069336,17.811063766479492
191,12,2,58.01122283935547,36.90694808959961
191,7,1,68.79449462890625,36.275360107421875
192,1,1,66.97013092041016,48.193458557128906
192,5,2,65.42545318603516,46.67700958251953
192,6,2,60.79136276245117,61.196983337402344
192,11,2,52.68783950805664,51.03607177734375
192,14,1,56.708824157714844,46.02702713012695
192,15,2,67.38041687011719,35.523475646972656
192,3,1,61.227996826171875,35.09854507446289
192,16,2,65.89881896972656,17.787900924682617
192,12,2,57.96501159667969,36.89762878417969
192,7,1,68.77052307128906,36.270530700683594
193,1,1,67.0101547241211,48.03213119506836
193,5,2,65.40230560302734,46.58483123779297
193,6,2,60.758705139160156,61.19029998779297
193,11,2,52.68507385253906,51.10675048828125
193,14,1,56.724430084228516,45.86056137084961
193,15,2,67.38043212890625,35.4058723449707
193,3,1,61.16508865356445,35.2008056640625
193,16,2,65.83807373046875,17.604352951049805
193,12,2,57.918800354003906,36.8883056640625
193,7,1,68.74655151367188,36.26570510864258
194,1,1,66.98966979980469,48.02797317504883
194,5,2,65.3999252319336,46.49665451049805
194,6,2,60.71602249145508,61.23556900024414
194,11,2,52.70378112792969,51.11056137084961
194,14,1,56.7039680480957,45.85641098022461
194,15,2,67.3563003540039,35.40101623535156
194,3,1,61.141292572021484,35.196014404296875
194,16,2,65.72154235839844,17.581153869628906
194,12,2,57.918800354003906,36.8883056640625
194,7,1,68.77246856689453,36.15460205078125
195,1,1,66.79618835449219,48.7896614074707
195,5,2,65.19820404052734,47.19776916503906
195,6,2,60.59176254272461,61.773094177246094
195,11,2,52.726200103759766,51.8565788269043
195,14,1,56.66639709472656,46.650604248046875
195,15,2,67.10025787353516,36.45796585083008
195,3,1,61.001670837402344,36.36000061035156
195,16,2,65.35987854003906,19.452726364135742
195,12,2,57.805301666259766,37.99128723144531
195,7,1,68.4739990234375,37.304264068603516
196,1,1,66.96822357177734,47.85336685180664
196,5,2,65.3509521484375,46.22235870361328
196,6,2,60.6507682800293,61.22221374511719
196,11,2,52.72248840332031,51.1143684387207
196,14,1,56.71177673339844,45.77287673950195
196,15,2,67.30795288085938,35.27334976196289
196,3,1,61.102352142333984,35.30278396606445
196,16,2,65.520751953125,17.712623596191406
196,12,2,57.90611267089844,36.777252197265625
196,7,1,68.67463684082031,36.251224517822266
197,1,1,66.96822357177734,47.85336685180664
197,5,2,65.30664825439453,46.12482833862305
197,6,2,60.62807846069336,61.1635627746582
197,11,2,52.73556900024414,51.259056091308594
197,14,1,56.71177673339844,45.77287673950195
197,15,2,67.28378295898438,35.26848602294922
197,3,1,61.09370422363281,35.18642807006836
197,16,2,65.46258544921875,17.70104217529297
197,12,2,57.88297653198242,36.772586822509766
197,7,1,68.65066528320312,36.24639892578125
198,1,1,66.63553619384766,48.6759033203125
198,5,2,64.92675018310547,46.97232437133789
198,6,2,60.399906158447266,61.735069274902344
198,11,2,52.62286376953125,52.18310546875
198,14,1,56.5273323059082,46.62435531616211
198,15,2,66.8187255859375,36.6327018737793
198,16,2,64.93460845947266,19.37187957763672
198,12,2,57.59019088745117,37.84489059448242
198,7,1,68.19049835205078,37.4754638671875
199,1,1,67.00843811035156,47.69045639038086
199,5,2,65.23868560791016,45.933311462402344
199,6,2,60.61174774169922,61.160221099853516
199,11,2,52.782989501953125,51.480594635009766
199,14,1,56.732261657714844,45.77703094482422
199,15,2,67.18738555908203,35.36701583862305
199,16,2,65.31718444824219,17.67209243774414
199,12,2,57.80072784423828,36.647212982177734
199,7,1,68.62669372558594,36.24156951904297
200,1,1,67.02861785888672,47.60871124267578
200,5,2,65.21770477294922,45.92906188964844
200,6,2,60.57909393310547,61.153533935546875
200,11,2,52.81443405151367,51.62749099731445
200,14,1,56.732261657714844,45.77703094482422
200,15,2,67.13912200927734,35.357303619384766
200,16,2,65.22994995117188,17.654722213745117
200,12,2,57.7646484375,36.53085708618164
200,7,1,68.60272216796875,36.23674392700195
200,3,1,60.93602752685547,35.269283294677734
201,1,1,67.04884338378906,47.52676773071289
201,5,2,65.21245574951172,45.749385833740234
201,6,2,60.556312561035156,61.094764709472656
201,11,2,52.851566314697266,51.63505554199219
201,14,1,56.732261657714844,45.77703094482422
201,15,2,67.13880157470703,35.23930740356445
201,16,2,65.1464614868164,17.808958053588867
201,12,2,57.70806121826172,36.62852478027344
201,7,1,68.6284408569336,36.12560272216797
201,3,1,60.91226577758789,35.264495849609375
202,1,1,67.0484619140625,47.44043731689453
202,5,2,65.1914291381836,45.74512481689453
202,6,2,60.53996658325195,61.0914192199707
202,11,2,52.86719512939453,51.70825958251953
202,14,1,56.732261657714844,45.77703094482422
202,15,2,67.13847351074219,35.12097930908203
202,16,2,65.05937194824219,17.791616439819336
202,12,2,57.66172790527344,36.619178771972656
202,7,1,68.63018798828125,36.00931167602539
202,3,1,60.91226577758789,35.264495849609375
203,1,1,67.0484619140625,47.44043731689453
203,5,2,65.18609619140625,45.5645637512207
203,6,2,60.523624420166016,61.08807373046875
203,11,2,52.907264709472656,51.646400451660156
203,14,1,56.732261657714844,45.77703094482422
203,15,2,67.13814544677734,35.0023193359375
203,16,2,65.02640533447266,17.614194869995117
203,12,2,57.6385612487793,36.614505767822266
203,7,1,68.60614776611328,36.00447082519531
203,3,1,60.88850784301758,35.259708404541016
204,1,1,67.02820587158203,47.5225830078125
204,5,2,65.1650161743164,45.56029510498047
204,6,2,60.490936279296875,61.08138656616211
204,11,2,52.94439697265625,51.65396499633789
204,14,1,56.732261657714844,45.77703094482422
204,15,2,67.1378173828125,34.883323669433594
204,16,2,64.99732208251953,17.6084041595459
204,12,2,57.6385612487793,36.614505767822266
204,7,1,68.63194274902344,35.892696380615234
204,3,1,60.88850784301758,35.259708404541016
205,1,1,67.02820587158203,47.5225830078125
205,5,2,65.12285614013672,45.55175018310547
205,6,2,60.458251953125,61.0746955871582
205,11,2,52.96296310424805,51.657745361328125
205,14,1,56.7401123046875,45.693302154541016
205,16,2,64.96418762207031,17.430376052856445
205,12,2,57.60535430908203,36.71659469604492
205,7,1,68.58211517333984,35.9996337890625
205,3,1,60.84098815917969,35.25013732910156
206,1,1,67.007568359375,47.518394470214844
206,5,2,65.03852844238281,45.534664154052734
206,6,2,60.42556381225586,61.0680046081543
206,11,2,52.981529235839844,51.66152572631836
206,14,1,56.7401123046875,45.693302154541016
206,16,2,64.87681579589844,17.412981033325195
206,12,2,57.58222198486328,36.7119255065918
206,7,1,68.55807495117188,35.99479293823242
206,3,1,60.82624435424805,35.3614616394043
207,1,1,67.007568359375,47.518394470214844
207,5,2,64.9542007446289,45.517581939697266
207,6,2,60.392879486083984,61.061317443847656
207,11,2,52.97847366333008,51.730926513671875
207,14,1,56.732261657714844,45.77703094482422
207,16,2,64.81856536865234,17.401382446289062
207,12,2,57.535953521728516,36.70259475708008
207,7,1,68.5340347290039,35.989952087402344
207,3,1,60.80251693725586,35.35668182373047
208,1,1,67.007568359375,47.518394470214844
208,5,2,64.88792419433594,45.414085388183594
208,6,2,60.36019515991211,61.05462646484375
208,11,2,52.993953704833984,51.80394744873047
208,14,1,56.71177673339844,45.77287673950195
208,16,2,64.73563385009766,17.55630111694336
208,12,2,57.5128173828125,36.69792938232422
208,7,1,68.48441314697266,36.09660339355469
208,3,1,60.764156341552734,35.46293258666992
209,1,1,66.98693084716797,47.51420974731445
209,5,2,64.84571075439453,45.40553283691406
209,6,2,60.31116485595703,61.04458999633789
209,11,2,53.0093994140625,51.87681198120117
209,14,1,56.71177673339844,45.77287673950195
209,16,2,64.7065658569336,17.550512313842773
209,12,2,57.5128173828125,36.69792938232422
209,7,1,68.4859619140625,35.98027420043945
209,3,1,60.74955749511719,35.57365798950195
210,1,1,66.9667739868164,47.596168518066406
210,5,2,64.818359375,45.21919631958008
210,6,2,60.255393981933594,60.97896957397461
210,11,2,53.02172088623047,52.018314361572266
210,14,1,56.691287994384766,45.76871871948242
210,16,2,64.61933898925781,17.533143997192383
210,12,2,57.47982406616211,36.799766540527344
210,7,1,68.4364013671875,36.086936950683594
210,3,1,60.74045944213867,35.458160400390625
211,1,1,66.9667739868164,47.596168518066406
211,5,2,64.7940444946289,45.12354278564453
211,6,2,60.206321716308594,60.96892547607422
211,11,2,53.037086486816406,52.09071731567383
211,14,1,56.691287994384766,45.76871871948242
211,16,2,64.50304412841797,17.50998878479004
211,12,2,57.43362045288086,36.79044723510742
211,7,1,68.4364013671875,36.086936950683594
211,3,1,60.70223617553711,35.56412124633789
211,15,2,66.94429779052734,34.96331024169922
212,1,1,66.9461669921875,47.59198760986328
212,5,2,64.76966857910156,45.02764892578125
212,6,2,60.173606872558594,60.96223068237305
212,11,2,53.046207427978516,52.29949951171875
212,14,1,56.67080307006836,45.764564514160156
212,16,2,64.41582489013672,17.49262237548828
212,12,2,57.397151947021484,36.67460250854492
212,7,1,68.4364013671875,36.086936950683594
212,3,1,60.67857360839844,35.559356689453125
212,15,2,66.9200668334961,34.958431243896484
213,1,1,66.92608642578125,47.67375564575195
213,5,2,64.72399139404297,44.927223205566406
213,6,2,60.157249450683594,60.95888137817383
213,11,2,53.03694152832031,52.50321578979492
213,14,1,56.65031814575195,45.76041030883789
213,16,2,64.38674926757812,17.486833572387695
213,12,2,57.35088348388672,36.66526794433594
213,7,1,68.41239929199219,36.08210754394531
213,3,1,60.63125228881836,35.54981994628906
213,15,2,66.8951644897461,34.83449935913086
214,1,1,66.92608642578125,47.67375564575195
214,5,2,64.67820739746094,44.82654571533203
214,6,2,60.124534606933594,60.952186584472656
214,11,2,53.05217742919922,52.574562072753906
214,14,1,56.65031814575195,45.76041030883789
214,16,2,64.29953002929688,17.46946907043457
214,12,2,57.30461883544922,36.65593719482422
214,7,1,68.3630142211914,36.188480377197266
214,3,1,60.60759353637695,35.5450553894043
214,15,2,66.87090301513672,34.82961654663086
215,1,1,66.92608642578125,47.67375564575195
215,5,2,64.61442565917969,44.813629150390625
215,6,2,60.101280212402344,60.89311599731445
215,11,2,53.067378997802734,52.64575958251953
215,14,1,56.642581939697266,45.84395980834961
215,16,2,64.24138641357422,17.4578914642334
215,12,2,57.26792526245117,36.53976058959961
215,7,1,68.3630142211914,36.188480377197266
215,3,1,60.5366096496582,35.53075408935547
215,15,2,66.84664154052734,34.82473373413086
216,1,1,66.9054946899414,47.669578552246094
216,5,2,64.52938079833984,44.79640579223633
216,6,2,60.052162170410156,60.88306427001953
216,11,2,53.085670471191406,52.64948654174805
216,14,1,56.642581939697266,45.84395980834961
216,34,1,68.99039459228516,58.127498626708984
216,16,2,64.18324279785156,17.446313858032227
216,12,2,57.22159957885742,36.53041458129883
216,7,1,68.3630142211914,36.188480377197266
216,3,1,60.475093841552734,35.631710052490234
216,15,2,66.84664154052734,34.82473373413086
217,1,1,66.9054946899414,47.669578552246094
217,5,2,64.48330688476562,44.69544982910156
217,6,2,60.01941680908203,60.87636184692383
217,11,2,53.10082244873047,52.72052764892578
217,14,1,56.642581939697266,45.84395980834961
217,34,1,68.97267150878906,58.123878479003906
217,16,2,64.1015396118164,17.60088348388672
217,12,2,57.18895721435547,36.63261032104492
217,7,1,68.33904266357422,36.183650970458984
217,3,1,60.437339782714844,35.73714065551758
217,15,2,66.82237243652344,34.81985092163086
218,1,1,66.9054946899414,47.669578552246094
218,5,2,64.45841979980469,44.59856033325195
218,6,2,59.97030258178711,60.866310119628906
218,11,2,53.10082244873047,52.72052764892578
218,14,1,56.62211990356445,45.83980941772461
218,34,1,68.95494842529297,58.120262145996094
218,16,2,63.99113845825195,17.74915885925293
218,12,2,57.16582489013672,36.62794494628906
218,7,1,68.31507110595703,36.17882537841797
218,3,1,60.3901481628418,35.727630615234375
218,15,2,66.79730224609375,34.69554901123047
219,1,1,66.9054946899414,47.669578552246094
219,5,2,64.41580200195312,44.589927673339844
219,6,2,59.92118453979492,60.856258392333984
219,11,2,53.11909484863281,52.72425079345703
219,14,1,56.62211990356445,45.83980941772461
219,34,1,68.93722534179688,58.11664581298828
219,16,2,63.933197021484375,17.737619400024414
219,12,2,57.14269256591797,36.6232795715332
219,7,1,68.31507110595703,36.17882537841797
219,3,1,60.35256576538086,35.832786560058594
219,15,2,66.79649353027344,34.57579040527344
220,1,1,66.88549041748047,47.751155853271484
220,5,2,64.37317657470703,44.581295013427734
220,6,2,59.86282730102539,60.898624420166016
220,11,2,53.155635833740234,52.73169708251953
220,14,1,56.62211990356445,45.83980941772461
220,34,1,68.90177917480469,58.109413146972656
220,16,2,63.87525177001953,17.7260799407959
220,12,2,57.14269256591797,36.6232795715332
220,7,1,68.29110717773438,36.17399978637695
220,3,1,60.29155349731445,35.93291091918945
220,15,2,66.77131652832031,34.4507942199707
221,1,1,66.88549041748047,47.751155853271484
221,5,2,64.30545043945312,44.47550582885742
221,6,2,59.80458068847656,60.9409065246582
221,11,2,53.149261474609375,52.865875244140625
221,14,1,56.62211990356445,45.83980941772461
221,34,1,68.8840560913086,58.105796813964844
221,16,2,63.81731033325195,17.714540481567383
221,12,2,57.11956024169922,36.618614196777344
221,7,1,68.26713562011719,36.16917419433594
221,3,1,60.29155349731445,35.93291091918945
221,15,2,66.7460708618164,34.32544708251953
222,1,1,66.88549041748047,47.751155853271484
222,5,2,64.28028869628906,44.378108978271484
222,6,2,59.755558013916016,60.93087387084961
222,11,2,53.200721740722656,52.943885803222656
222,14,1,56.62211990356445,45.83980941772461
222,34,1,68.84861755371094,58.09856033325195
222,16,2,63.78833770751953,17.708770751953125
222,12,2,57.110198974609375,36.72521209716797
222,7,1,68.2431640625,36.16434860229492
222,3,1,60.25420379638672,36.03749465942383
222,15,2,66.697265625,34.31562805175781
223,1,1,66.88549041748047,47.751155853271484
223,5,2,64.23756408691406,44.36945724487305
223,6,2,59.6901969909668,60.91749954223633
223,11,2,53.2156867980957,53.01431655883789
223,14,1,56.62211990356445,45.83980941772461
223,34,1,68.83089447021484,58.09494400024414
223,16,2,63.73040008544922,17.69723129272461
223,12,2,57.08709716796875,36.720550537109375
223,7,1,68.2431640625,36.16434860229492
223,3,1,60.207210540771484,36.02802658081055
223,15,2,66.67286682128906,34.31072235107422
224,1,1,66.86492156982422,47.74698257446289
224,5,2,64.1908950805664,44.26747512817383
224,6,2,59.624839782714844,60.90412139892578
224,11,2,53.22736740112305,53.151031494140625
224,14,1,56.62211990356445,45.83980941772461
224,34,1,68.79544830322266,58.087711334228516
224,16,2,63.695255279541016,17.51997947692871
224,12,2,57.08709716796875,36.720550537109375
224,7,1,68.21919250488281,36.159523010253906
224,3,1,60.1837158203125,36.02328872680664
224,15,2,66.67188262939453,34.189910888671875
225,1,1,66.86492156982422,47.74698257446289
225,5,2,64.10533142089844,44.250152587890625
225,6,2,59.592159271240234,60.897430419921875
225,11,2,53.23899841308594,53.287166595458984
225,14,1,56.642581939697266,45.84395980834961
225,34,1,68.76000213623047,58.08047866821289
225,16,2,63.61451721191406,17.67415428161621
225,12,2,57.054725646972656,36.82221603393555
225,7,1,68.17015075683594,36.2656364440918
225,3,1,60.1837158203125,36.02328872680664
225,15,2,66.62300872802734,34.180084228515625
226,1,1,66.8443603515625,47.74281311035156
226,6,2,59.57582092285156,60.89408874511719
226,11,2,53.25384521484375,53.356868743896484
226,14,1,56.642581939697266,45.84395980834961
226,34,1,68.72455596923828,58.073246002197266
226,16,2,63.55657958984375,17.662614822387695
226,12,2,57.031654357910156,36.817562103271484
226,7,1,68.14620971679688,36.26081848144531
226,3,1,60.136722564697266,36.013816833496094
226,15,2,66.59857940673828,34.175167083740234
227,1,1,66.82379913330078,47.738643646240234
227,6,2,59.54314041137695,60.88739776611328
227,11,2,53.24732208251953,53.488460540771484
227,14,1,56.634864807128906,45.927310943603516
227,34,1,68.67139434814453,58.06239318847656
227,16,2,63.527610778808594,17.65684700012207
227,12,2,57.00858688354492,36.81290817260742
227,7,1,68.12227630615234,36.25599670410156
227,3,1,60.136722564697266,36.013816833496094
227,15,2,66.6219482421875,34.05891799926758
227,5,2,63.976993560791016,44.22416687011719
228,1,1,66.80323791503906,47.73447036743164
228,6,2,59.52680206298828,60.884056091308594
228,11,2,53.26211166381836,53.55773162841797
228,14,1,56.655303955078125,45.93145751953125
228,34,1,68.65367126464844,58.05877685546875
228,16,2,63.47621536254883,17.816287994384766
228,12,2,57.00858688354492,36.81290817260742
228,7,1,68.12227630615234,36.25599670410156
228,3,1,60.136722564697266,36.013816833496094
228,15,2,66.59748077392578,34.05399703979492
228,5,2,63.9342155456543,44.21550369262695
229,1,1,66.80323791503906,47.73447036743164
229,6,2,59.51790237426758,60.936336517333984
229,11,2,53.29819869995117,53.56509017944336
229,14,1,56.675743103027344,45.93560028076172
229,34,1,68.63594818115234,58.05516052246094
229,16,2,63.44729232788086,17.810527801513672
229,12,2,57.00858688354492,36.81290817260742
229,7,1,68.12227630615234,36.25599670410156
229,3,1,60.113224029541016,36.00908279418945
229,15,2,66.59748077392578,34.05399703979492
229,5,2,63.908531188964844,44.11754608154297
230,1,1,66.76283264160156,47.81170654296875
230,6,2,59.48525619506836,60.92965316772461
230,11,2,53.31623840332031,53.56876754760742
230,14,1,56.675743103027344,45.93560028076172
230,34,1,68.5992431640625,58.111087799072266
230,12,2,57.00858688354492,36.81290817260742
230,7,1,68.12227630615234,36.25599670410156
230,3,1,60.113224029541016,36.00908279418945
230,15,2,66.57301330566406,34.049076080322266
230,5,2,63.88278579711914,44.019344329833984
231,1,1,66.74229431152344,47.80754089355469
231,6,2,59.43628692626953,60.91962814331055
231,11,2,53.33762741088867,53.506874084472656
231,14,1,56.68840789794922,46.02288818359375
231,34,1,68.58154296875,58.10747528076172
231,12,2,57.00858688354492,36.81290817260742
231,7,1,68.14836883544922,36.02894592285156
231,3,1,60.05270767211914,36.10868835449219
231,15,2,66.54854583740234,34.04415512084961
231,5,2,63.81846237182617,44.006324768066406
232,1,1,66.74229431152344,47.80754089355469
232,6,2,59.40363693237305,60.91294860839844
232,11,2,53.33428192138672,53.57244873046875
232,14,1,56.68840789794922,46.02288818359375
232,34,1,68.54493713378906,58.163291931152344
232,12,2,57.00858688354492,36.81290817260742
232,7,1,68.1243667602539,36.024112701416016
232,3,1,60.02924346923828,36.10396194458008
232,15,2,66.50083923339844,34.15550994873047
232,5,2,63.75413513183594,43.99330139160156
232,16,2,63.26689910888672,17.60492515563965
233,1,1,66.72175598144531,47.803375244140625
233,6,2,59.37099075317383,60.90626525878906
233,11,2,53.33428192138672,53.57244873046875
233,14,1,56.68840789794922,46.02288818359375
233,34,1,68.54613494873047,58.100250244140625
233,12,2,57.00858688354492,36.81290817260742
233,7,1,68.12541198730469,35.90768814086914
233,3,1,60.00577926635742,36.0992317199707
233,15,2,66.45197296142578,34.14567947387695
233,5,2,63.72816848754883,43.89482498168945
233,16,2,63.18702697753906,17.758689880371094
234,1,1,66.72098541259766,47.71778869628906
234,6,2,59.33834457397461,60.89958190917969
234,11,2,53.352325439453125,53.57612609863281
234,14,1,56.68840789794922,46.02288818359375
234,34,1,68.52843475341797,58.09663772583008
234,12,2,56.98551559448242,36.80825424194336
234,3,1,59.98231887817383,36.09450149536133
234,15,2,66.42754364013672,34.14076614379883
234,5,2,63.68063735961914,43.791751861572266
234,16,2,63.15810775756836,17.7529296875
235,1,1,66.70042419433594,47.71361541748047
235,6,2,59.30569839477539,60.89290237426758
235,11,2,53.352325439453125,53.57612609863281
235,14,1,56.68840789794922,46.02288818359375
235,34,1,68.49417877197266,58.02622985839844
235,12,2,56.98551559448242,36.80825424194336
235,3,1,59.93539047241211,36.085044860839844
235,15,2,66.40310668945312,34.13584899902344
235,5,2,63.63764953613281,43.783050537109375
235,16,2,63.10027313232422,17.741411209106445
236,1,1,66.67903137207031,47.6236457824707
236,6,2,59.27305221557617,60.8862190246582
236,11,2,53.348968505859375,53.64155578613281
236,14,1,56.68840789794922,46.02288818359375
236,34,1,68.4764633178711,58.022613525390625
236,12,2,56.96244812011719,36.8036003112793
236,3,1,59.888465881347656,36.07558822631836
236,15,2,66.37867736816406,34.13093566894531
236,5,2,63.57316589355469,43.769996643066406
236,16,2,63.0496826171875,17.900436401367188
237,1,1,66.67820739746094,47.53764343261719
237,6,2,59.25673294067383,60.882877349853516
237,11,2,53.32761001586914,53.70317840576172
237,14,1,56.701045989990234,46.10996627807617
237,34,1,68.421142578125,58.13802719116211
237,12,2,56.96244812011719,36.8036003112793
237,3,1,59.818077087402344,36.0614013671875
237,15,2,66.35424041748047,34.12602233886719
237,5,2,63.551673889160156,43.765647888183594
237,16,2,62.991947174072266,17.888935089111328
238,1,1,66.6369857788086,47.52928161621094
238,6,2,59.24040985107422,60.879539489746094
238,11,2,53.303001403808594,53.8297004699707
238,14,1,56.69328689575195,46.19270706176758
238,34,1,68.38577270507812,58.13080596923828
238,12,2,56.95332336425781,36.90966033935547
238,3,1,59.72422790527344,36.042484283447266
238,15,2,66.30537414550781,34.11619186401367
238,5,2,63.4871940612793,43.752593994140625
238,16,2,62.93421173095703,17.87743377685547
238,7,1,67.95799255371094,35.757022857666016
239,1,1,66.61637115478516,47.52510070800781
239,6,2,59.22408676147461,60.876197814941406
239,11,2,53.296424865722656,53.959346771240234
239,14,1,56.69328689575195,46.19270706176758
239,34,1,68.33272552490234,58.11997985839844
239,12,2,56.96244812011719,36.8036003112793
239,3,1,59.677303314208984,36.03302764892578
239,15,2,66.28094482421875,34.11127853393555
239,5,2,63.439308166503906,43.64921951293945
239,16,2,62.855167388916016,18.03022003173828
239,7,1,67.93470764160156,35.63505172729492
240,1,1,66.59576416015625,47.52091979980469
240,6,2,59.215484619140625,60.92843246459961
240,11,2,53.27198028564453,54.084808349609375
240,14,1,56.69328689575195,46.19270706176758
240,34,1,68.26107788085938,58.16851043701172
240,12,2,56.95332336425781,36.90966033935547
240,3,1,59.617469787597656,36.13246154785156
240,15,2,66.2793960571289,33.990020751953125
240,5,2,63.41284942626953,43.549949645996094
240,16,2,62.82634735107422,18.024478912353516
240,7,1,67.91060638427734,35.63019943237305
241,1,1,66.59483337402344,47.4346923828125
241,6,2,59.23179244995117,60.93177032470703
241,11,2,53.25086212158203,54.1455192565918
241,14,1,56.685546875,46.27524948120117
241,34,1,68.20807647705078,58.15769577026367
241,12,2,56.95332336425781,36.90966033935547
241,3,1,59.57061004638672,36.123016357421875
241,15,2,66.23046112060547,33.98017883300781
241,5,2,63.37474822998047,43.63615417480469
241,16,2,62.79753112792969,18.01873779296875
241,7,1,67.91136169433594,35.51273727416992
242,1,1,66.5545425415039,47.5125617980957
242,6,2,59.215484619140625,60.92843246459961
242,11,2,53.23298645019531,54.14187240600586
242,14,1,56.685546875,46.27524948120117
242,34,1,68.19125366210938,58.09110641479492
242,12,2,56.95332336425781,36.90966033935547
242,3,1,59.54718017578125,36.11829376220703
242,15,2,66.22884368896484,33.85856628417969
242,5,2,63.369754791259766,43.541229248046875
242,16,2,62.718849182128906,18.17102813720703
242,7,1,67.8872299194336,35.50788116455078
243,1,1,66.5535659790039,47.42632293701172
243,6,2,59.19917678833008,60.92509460449219
243,11,2,53.21192932128906,54.20246124267578
243,14,1,56.685546875,46.27524948120117
243,34,1,68.17356872558594,58.08749771118164
243,12,2,56.95332336425781,36.90966033935547
243,3,1,59.5130729675293,35.99992752075195
243,15,2,66.22721862792969,33.73660659790039
243,5,2,63.326663970947266,43.532508850097656
243,16,2,62.69007873535156,18.16529655456543
243,7,1,67.86309051513672,35.503021240234375
243,8,1,68.87157440185547,25.393522262573242
244,1,1,66.53292846679688,47.42213821411133
244,6,2,59.19917678833008,60.92509460449219
244,11,2,53.19407653808594,54.19881820678711
244,14,1,56.685546875,46.27524948120117
244,34,1,68.1558837890625,58.08388900756836
244,12,2,56.93938064575195,36.798946380615234
244,3,1,59.46615219116211,35.99047088623047
244,15,2,66.20101928710938,33.60935592651367
244,5,2,63.2835693359375,43.52378463745117
244,16,2,62.632537841796875,18.153833389282227
244,7,1,67.88794708251953,35.39008331298828
244,8,1,68.8173828125,25.3826847076416
245,1,1,66.49166107177734,47.41376876831055
245,6,2,59.17431640625,60.973899841308594
245,11,2,53.19407653808594,54.19881820678711
245,14,1,56.66520690917969,46.271121978759766
245,34,1,68.1382064819336,58.08028030395508
245,12,2,56.9484977722168,36.692596435546875
245,3,1,59.442691802978516,35.985740661621094
245,15,2,66.20101928710938,33.60935592651367
245,5,2,63.240478515625,43.51506423950195
245,16,2,62.6037712097168,18.148101806640625
245,7,1,67.83961486816406,35.38035202026367
245,8,1,68.76319122314453,25.37184715270996
246,1,1,66.45038604736328,47.405399322509766
246,6,2,59.17431640625,60.973899841308594
246,11,2,53.2087516784668,54.266563415527344
246,14,1,56.66520690917969,46.271121978759766
246,34,1,68.1382064819336,58.08028030395508
246,12,2,56.9484977722168,36.692596435546875
246,3,1,59.41923141479492,35.981014251708984
246,15,2,66.17645263671875,33.60441589355469
246,5,2,63.213741302490234,43.415504455566406
246,16,2,62.59580612182617,17.978551864624023
246,7,1,67.81544494628906,35.37548828125
246,8,1,68.73609924316406,25.36642837524414
247,1,1,66.42975616455078,47.40121078491211
247,6,2,59.17431640625,60.973899841308594
247,11,2,53.2087516784668,54.266563415527344
247,14,1,56.657508850097656,46.353477478027344
247,34,1,68.10208892822266,58.13606262207031
247,12,2,56.9576416015625,36.58595657348633
247,3,1,59.39577102661133,35.97628402709961
247,5,2,63.192169189453125,43.411136627197266
247,16,2,62.546234130859375,18.136638641357422
247,7,1,67.79127502441406,35.37062454223633
247,8,1,68.62378692626953,25.639822006225586
248,1,1,66.42975616455078,47.40121078491211
248,6,2,59.17431640625,60.973899841308594
248,11,2,53.22658920288086,54.270198822021484
248,14,1,56.657508850097656,46.353477478027344
248,34,1,68.10208892822266,58.13606262207031
248,12,2,56.9576416015625,36.58595657348633
248,3,1,59.372310638427734,35.971553802490234
248,5,2,63.170597076416016,43.40677261352539
248,16,2,62.51746368408203,18.13090705871582
248,7,1,67.7429428100586,35.360897064208984
248,8,1,68.56977081298828,25.629016876220703
249,1,1,66.40911865234375,47.39702606201172
249,6,2,59.17431640625,60.973899841308594
249,11,2,53.2234001159668,54.334163665771484
249,14,1,56.657508850097656,46.353477478027344
249,34,1,68.06604766845703,58.19173049926758
249,12,2,56.96681213378906,36.47903060913086
249,3,1,59.312896728515625,36.071067810058594
249,5,2,63.12744903564453,43.398040771484375
249,16,2,62.48054122924805,17.955589294433594
249,7,1,67.7187728881836,35.35603332519531
249,8,1,68.51396179199219,25.765085220336914
250,1,1,66.40911865234375,47.39702606201172
250,6,2,59.190608978271484,60.97723388671875
250,11,2,53.2234001159668,54.334163665771484
250,14,1,56.64982986450195,46.435638427734375
250,34,1,68.04840087890625,58.18812942504883
250,12,2,56.97600555419922,36.37181854248047
250,3,1,59.24261474609375,36.05690383911133
250,5,2,63.10587692260742,43.393672943115234
250,16,2,62.40239334106445,18.107980728149414
250,7,1,67.6700210571289,35.46416091918945
250,8,1,68.48699188232422,25.75969123840332
251,1,1,66.40911865234375,47.39702606201172
251,6,2,59.190608978271484,60.97723388671875
251,11,2,53.24121856689453,54.337799072265625
251,14,1,56.64216995239258,46.51760482788086
251,34,1,67.9954605102539,58.17732238769531
251,12,2,56.98522186279297,36.264312744140625
251,3,1,59.172332763671875,36.0427360534668
251,5,2,63.08430480957031,43.38930892944336
251,16,2,62.39409255981445,17.93836784362793
251,7,1,67.69461059570312,35.35116958618164
251,8,1,68.48699188232422,25.75969123840332
252,1,1,66.38848876953125,47.39284133911133
252,6,2,59.190608978271484,60.97723388671875
252,11,2,53.24121856689453,54.337799072265625
252,14,1,56.62190246582031,46.513492584228516
252,34,1,67.9954605102539,58.17732238769531
252,12,2,56.98522186279297,36.264312744140625
252,3,1,59.11327362060547,36.14201736450195
252,5,2,63.07893753051758,43.29383850097656
252,16,2,62.39409255981445,17.93836784362793
252,7,1,67.69461059570312,35.35116958618164
252,8,1,68.46002960205078,25.754297256469727
253,1,1,66.38848876953125,47.39284133911133
253,6,2,59.190608978271484,60.97723388671875
253,11,2,53.25581741333008,54.40525817871094
253,14,1,56.614280700683594,46.59526824951172
253,34,1,67.97781372070312,58.17372131347656
253,12,2,56.961997985839844,36.2596321105957
253,3,1,59.06648635864258,36.13258361816406
253,5,2,63.07355880737305,43.1981315612793
253,16,2,62.3448600769043,18.09651756286621
253,7,1,67.64627075195312,35.3414421081543
253,8,1,68.43305969238281,25.7489013671875
253,15,2,66.07447814941406,33.33890914916992
254,1,1,66.36785125732422,47.38865661621094
254,6,2,59.19917678833008,60.92509460449219
254,11,2,53.273616790771484,54.40888977050781
254,14,1,56.614280700683594,46.59526824951172
254,34,1,67.9425277709961,58.16651916503906
254,12,2,56.97121047973633,36.15182876586914
254,3,1,59.01969528198242,36.12315368652344
254,5,2,63.03030776977539,43.18938064575195
254,16,2,62.3448600769043,18.09651756286621
254,7,1,67.64665985107422,35.22325134277344
254,8,1,68.40609741210938,25.743507385253906
254,15,2,66.04983520507812,33.33395767211914
255,1,1,66.3873062133789,47.306358337402344
255,6,2,59.19917678833008,60.92509460449219
255,11,2,53.2703857421875,54.47257995605469
255,14,1,56.60668182373047,46.67685317993164
255,34,1,67.94310760498047,58.103614807128906
255,12,2,56.97121047973633,36.15182876586914
255,3,1,59.00835037231445,36.009681701660156
255,5,2,63.003204345703125,43.08903884887695
255,16,2,62.336463928222656,17.92688751220703
255,7,1,67.64704895019531,35.1047248840332
255,8,1,68.38070678710938,25.59119987487793
255,15,2,66.00055694580078,33.32404708862305
256,1,1,66.3873062133789,47.306358337402344
256,6,2,59.19917678833008,60.92509460449219
256,11,2,53.28816604614258,54.4762077331543
256,14,1,56.60668182373047,46.67685317993164
256,34,1,67.90723419189453,58.1593132019043
256,12,2,56.97121047973633,36.15182876586914
256,3,1,58.94951248168945,36.109004974365234
256,5,2,62.99771499633789,42.992835998535156
256,16,2,62.28732681274414,18.085054397583008
256,7,1,67.64743041992188,34.98586654663086
256,8,1,68.35369873046875,25.585798263549805
256,15,2,65.97591400146484,33.319095611572266
257,1,1,66.36665344238281,47.30216979980469
257,6,2,59.19917678833008,60.92509460449219
257,11,2,53.28816604614258,54.4762077331543
257,14,1,56.60668182373047,46.67685317993164
257,34,1,67.90778350830078,58.09640121459961
257,12,2,56.97121047973633,36.15182876586914
257,3,1,58.938072204589844,35.99551773071289
257,5,2,62.97050476074219,42.891998291015625
257,16,2,62.278831481933594,17.9154052734375
257,7,1,67.62316131591797,34.98098373413086
257,8,1,68.27127075195312,25.716537475585938
257,15,2,65.97392272949219,33.19567108154297
258,1,1,66.32533264160156,47.29378890991211
258,6,2,59.16656494140625,60.918418884277344
258,11,2,53.305946350097656,54.479835510253906
258,14,1,56.60668182373047,46.67685317993164
258,34,1,67.87245178222656,58.08919143676758
258,12,2,56.97121047973633,36.15182876586914
258,3,1,58.903141021728516,35.87699508666992
258,5,2,62.932674407958984,42.97967529296875
258,16,2,62.229793548583984,18.073591232299805
258,7,1,67.62351989746094,34.861785888671875
258,8,1,68.21734619140625,25.70574951171875
258,15,2,65.9492416381836,33.19070816040039
259,1,1,66.30467224121094,47.28960037231445
259,6,2,59.15879440307617,60.86283493041992
259,11,2,53.323726654052734,54.483463287353516
259,14,1,56.60668182373047,46.67685317993164
259,34,1,67.87245178222656,58.08919143676758
259,12,2,56.97121047973633,36.15182876586914
259,3,1,58.86811447143555,35.758148193359375
259,5,2,62.91099548339844,42.97528839111328
259,16,2,62.17226028442383,18.062129974365234
259,7,1,67.5992202758789,34.856895446777344
259,8,1,68.19037628173828,25.700355529785156
259,15,2,65.94720458984375,33.066925048828125
260,1,1,66.26467895507812,47.367733001708984
260,6,2,59.12615203857422,60.85615158081055
260,11,2,53.34151077270508,54.487091064453125
260,14,1,56.60668182373047,46.67685317993164
260,34,1,67.87297058105469,58.026145935058594
260,12,2,56.97121047973633,36.15182876586914
260,3,1,58.821327209472656,35.52423095703125
260,5,2,62.9053840637207,42.878822326660156
260,16,2,62.11473083496094,18.05066680908203
260,7,1,67.57520294189453,34.732460021972656
260,8,1,68.16341400146484,25.694961547851562
260,15,2,65.89778900146484,33.05698776245117
261,1,1,66.2234115600586,47.35936737060547
261,6,2,59.12615203857422,60.85615158081055
261,11,2,53.34151077270508,54.487091064453125
261,14,1,56.60668182373047,46.67685317993164
261,34,1,67.85528564453125,58.02253723144531
261,12,2,56.97121047973633,36.15182876586914
261,3,1,58.73887634277344,35.3949089050293
261,5,2,62.861968994140625,42.87003707885742
261,16,2,62.06604766845703,18.20836067199707
261,7,1,67.52630615234375,34.842227935791016
261,8,1,68.10948944091797,25.684173583984375
261,15,2,65.89567565917969,32.93283462524414
262,1,1,66.18214416503906,47.35099792480469
262,6,2,59.10133743286133,60.905067443847656
262,11,2,53.34151077270508,54.487091064453125
262,14,1,56.62690353393555,46.68095779418945
262,34,1,67.83760833740234,58.018924713134766
262,12,2,56.97121047973633,36.15182876586914
262,3,1,58.65645980834961,35.49100875854492
262,5,2,62.83455276489258,42.768917083740234
262,16,2,62.06604766845703,18.20836067199707
262,7,1,67.47755432128906,34.95168685913086
262,8,1,68.11064147949219,25.537179946899414
262,15,2,65.91625213623047,32.68844223022461
263,1,1,66.16151428222656,47.3468132019043
263,6,2,59.093505859375,60.84947204589844
263,11,2,53.33821105957031,54.55063247680664
263,14,1,56.62690353393555,46.68095779418945
263,34,1,67.81946563720703,58.07837677001953
263,12,2,56.980445861816406,36.043739318847656
263,3,1,58.5977897644043,35.59157943725586
263,5,2,62.83455276489258,42.768917083740234
263,16,2,62.037330627441406,18.202638626098633
263,7,1,67.45328521728516,34.94680404663086
263,8,1,68.05663299560547,25.526376724243164
263,15,2,65.91415405273438,32.5632209777832
264,1,1,66.16151428222656,47.3468132019043
264,6,2,59.093505859375,60.84947204589844
264,11,2,53.33821105957031,54.55063247680664
264,14,1,56.6547737121582,46.603485107421875
264,34,1,67.80180358886719,58.074771881103516
264,12,2,56.97121047973633,36.15182876586914
264,3,1,58.5272331237793,35.577362060546875
264,5,2,62.81282043457031,42.764522552490234
264,16,2,62.037330627441406,18.202638626098633
264,7,1,67.42901611328125,34.941917419433594
264,8,1,68.05663299560547,25.526376724243164
264,15,2,65.90994262695312,32.31169128417969
265,1,1,66.14087677001953,47.342628479003906
265,6,2,59.077186584472656,60.84613037109375
265,11,2,53.33821105957031,54.55063247680664
265,14,1,56.675018310546875,46.60759735107422
265,34,1,67.78413391113281,58.0711669921875
265,12,2,56.97121047973633,36.15182876586914
265,3,1,58.4566764831543,35.563140869140625
265,5,2,62.81282043457031,42.764522552490234
265,16,2,62.06604766845703,18.20836067199707
265,7,1,67.38048553466797,34.932151794433594
265,8,1,68.05663299560547,25.526376724243164
265,15,2,65.88501739501953,32.30668640136719
266,1,1,66.12024688720703,47.338443756103516
266,6,2,59.04454040527344,60.839447021484375
266,11,2,53.33821105957031,54.55063247680664
266,14,1,56.69526290893555,46.6117057800293
266,34,1,67.74880981445312,58.06395721435547
266,12,2,56.99446487426758,36.15652084350586
266,3,1,58.340206146240234,35.76353454589844
266,5,2,62.79108810424805,42.76012420654297
266,16,2,62.01752853393555,18.36552619934082
266,7,1,67.38048553466797,34.932151794433594
266,8,1,68.02962493896484,25.52097511291504
266,15,2,65.8125,32.417633056640625
267,1,1,66.139404296875,47.25608444213867
267,6,2,59.01980209350586,60.88838195800781
267,11,2,53.34151077270508,54.487091064453125
267,14,1,56.71550750732422,46.615814208984375
267,34,1,67.73114776611328,58.06035232543945
267,12,2,56.99446487426758,36.15652084350586
267,3,1,58.23536682128906,35.853878021240234
267,5,2,62.785308837890625,42.663143157958984
267,16,2,62.01752853393555,18.36552619934082
267,7,1,67.38050079345703,34.812889099121094
267,8,1,68.03065490722656,25.373497009277344
267,15,2,65.74253845214844,32.65353012084961
268,1,1,66.15861511230469,47.17353057861328
268,6,2,59.00349807739258,60.88504409790039
268,11,2,53.323726654052734,54.483463287353516
268,14,1,56.735755920410156,46.61992263793945
268,34,1,67.71348571777344,58.05674362182617
268,12,2,56.98522186279297,36.264312744140625
268,3,1,58.141685485839844,35.83499526977539
268,5,2,62.757728576660156,42.56150817871094
268,16,2,62.01752853393555,18.36552619934082
268,7,1,67.35619354248047,34.80799865722656
268,8,1,67.94951629638672,25.357269287109375
268,15,2,65.74018859863281,32.528263092041016
269,1,1,66.17786407470703,47.09077835083008
269,6,2,58.97925567626953,60.82608413696289
269,11,2,53.323726654052734,54.483463287353516
269,14,1,56.75600051879883,46.62403106689453
269,34,1,67.6958236694336,58.053138732910156
269,12,2,56.98522186279297,36.264312744140625
269,3,1,58.105674743652344,35.71626281738281
269,5,2,62.73007583618164,42.459617614746094
269,7,1,67.38050842285156,34.69329071044922
269,8,1,67.89542388916016,25.346450805664062
269,15,2,65.7603988647461,32.281646728515625
270,1,1,66.1971664428711,47.00782775878906
270,6,2,58.96293258666992,60.82274627685547
270,11,2,53.30268478393555,54.54338455200195
270,14,1,56.75600051879883,46.62403106689453
270,34,1,67.66020202636719,58.108890533447266
270,12,2,56.97600555419922,36.37181854248047
270,3,1,58.05876922607422,35.706809997558594
270,5,2,62.7082633972168,42.455204010009766
270,7,1,67.38052368164062,34.5733528137207
270,8,1,67.8413314819336,25.335630416870117
270,15,2,65.7557373046875,32.0285758972168
271,1,1,66.21650695800781,46.92467498779297
271,6,2,58.92229080200195,60.76033020019531
271,11,2,53.2849235534668,54.53976058959961
271,14,1,56.7762451171875,46.62813949584961
271,34,1,67.64228057861328,58.16812515258789
271,12,2,56.97600555419922,36.37181854248047
271,3,1,58.02458190917969,35.8113899230957
271,5,2,62.68644714355469,42.4507942199707
271,7,1,67.35615539550781,34.56844711303711
271,15,2,65.73074340820312,32.023555755615234
272,1,1,66.21650695800781,46.92467498779297
272,6,2,58.889617919921875,60.75364303588867
272,11,2,53.24939727783203,54.53251266479492
272,14,1,56.7762451171875,46.62813949584961
272,34,1,67.60678100585938,58.2236442565918
272,12,2,56.96681213378906,36.47903060913086
272,3,1,57.94371032714844,35.90625762939453
272,5,2,62.64878845214844,42.53947067260742
272,7,1,67.30750274658203,34.6786003112793
272,15,2,65.68319702148438,32.14025115966797
273,1,1,66.19575500488281,46.920467376708984
273,6,2,58.8652229309082,60.69445037841797
273,11,2,53.24619674682617,54.595943450927734
273,14,1,56.7762451171875,46.62813949584961
273,34,1,67.58895111083984,58.28264236450195
273,12,2,56.94364929199219,36.474361419677734
273,3,1,57.8735466003418,35.892112731933594
273,5,2,62.62699890136719,42.535064697265625
273,7,1,67.25883483886719,34.66880798339844
273,15,2,65.6332778930664,32.13022232055664
274,1,1,66.19575500488281,46.920467376708984
274,6,2,58.8160400390625,60.79267883300781
274,11,2,53.22845458984375,54.592323303222656
274,14,1,56.7762451171875,46.62813949584961
274,34,1,67.58895111083984,58.28264236450195
274,12,2,56.934513092041016,36.58129119873047
274,3,1,57.792991638183594,35.98673629760742
274,5,2,62.62099838256836,42.43755340576172
274,7,1,67.2344970703125,34.66391372680664
274,15,2,65.58335876464844,32.12019348144531
275,1,1,66.17499542236328,46.916255950927734
275,6,2,58.78340148925781,60.7859992980957
275,11,2,53.21070861816406,54.58870315551758
275,14,1,56.768455505371094,46.70969009399414
275,34,1,67.6065444946289,58.286231994628906
275,12,2,56.92539978027344,36.68793487548828
275,3,1,57.689334869384766,36.0764045715332
275,5,2,62.539852142333984,42.517433166503906
275,7,1,67.21016693115234,34.65901565551758
275,15,2,65.533447265625,32.110164642333984
275,8,1,67.57025146484375,25.576303482055664
276,1,1,66.15423583984375,46.91204833984375
276,6,2,58.72629928588867,60.828304290771484
276,11,2,53.192962646484375,54.585079193115234
276,14,1,56.76068115234375,46.791046142578125
276,34,1,67.58895111083984,58.28264236450195
276,12,2,56.90724563598633,36.900367736816406
276,3,1,57.6092529296875,36.17051696777344
276,5,2,62.518062591552734,42.51302719116211
276,7,1,67.18582916259766,34.65412139892578
276,15,2,65.46133422851562,32.221553802490234
276,8,1,67.5163345336914,25.56551742553711
277,1,1,66.13348388671875,46.907840728759766
277,6,2,58.65302276611328,60.86719512939453
277,11,2,53.17522048950195,54.581459045410156
277,14,1,56.740482330322266,46.78694534301758
277,34,1,67.58895111083984,58.28264236450195
277,12,2,56.89820861816406,37.00615692138672
277,3,1,57.53268051147461,36.48407745361328
277,5,2,62.50242614746094,42.60591506958008
277,7,1,67.1614990234375,34.649227142333984
277,15,2,65.45857238769531,32.095123291015625
277,8,1,67.5163345336914,25.56551742553711
278,1,1,66.1112060546875,46.8160400390625
278,6,2,58.62044143676758,60.86052703857422
278,11,2,53.17522048950195,54.581459045410156
278,14,1,56.740482330322266,46.78694534301758
278,34,1,67.58895111083984,58.28264236450195
278,12,2,56.866214752197266,37.10702896118164
278,3,1,57.443416595458984,36.68393325805664
278,5,2,62.48066711425781,42.60151290893555
278,7,1,67.13716125488281,34.64432907104492
278,15,2,65.45580291748047,31.96832275390625
278,8,1,67.48937225341797,25.56012535095215
279,1,1,66.09042358398438,46.81182861328125
279,6,2,58.58786392211914,60.853858947753906
279,11,2,53.15747833251953,54.57783889770508
279,14,1,56.732749938964844,46.86811828613281
279,34,1,67.58895111083984,58.28264236450195
279,12,2,56.843238830566406,37.102394104003906
279,3,1,57.36802291870117,36.99332046508789
279,5,2,62.49627685546875,42.50862121582031
279,7,1,67.11246490478516,34.51942443847656
279,15,2,65.40581512451172,31.958280563354492
279,8,1,67.46255493164062,25.407548904418945
280,1,1,66.06964111328125,46.807613372802734
280,6,2,58.5552864074707,60.847190856933594
280,11,2,53.139732360839844,54.57421875
280,14,1,56.732749938964844,46.86811828613281
280,34,1,67.57136535644531,58.279052734375
280,12,2,56.83430862426758,37.2076301574707
280,3,1,57.27980041503906,37.19047164916992
280,5,2,62.474491119384766,42.50421142578125
280,7,1,67.08809661865234,34.514522552490234
280,15,2,65.37793731689453,31.82607078552246
280,8,1,67.46255493164062,25.407548904418945
281,1,1,66.06964111328125,46.807613372802734
281,6,2,58.538997650146484,60.84385681152344
281,11,2,53.12199020385742,54.57059860229492
281,14,1,56.752925872802734,46.87221145629883
281,34,1,67.57136535644531,58.279052734375
281,12,2,56.81136703491211,37.202999114990234
281,3,1,57.201446533203125,37.281707763671875
281,5,2,62.46829605102539,42.40666580200195
281,7,1,67.06372833251953,34.509620666503906
281,15,2,65.3529052734375,31.821043014526367
281,8,1,67.40849304199219,25.5439453125
282,1,1,66.04885864257812,46.803401947021484
282,6,2,58.522708892822266,60.84052276611328
282,11,2,53.104244232177734,54.566978454589844
282,14,1,56.72503662109375,46.9490966796875
282,34,1,67.57136535644531,58.279052734375
282,12,2,56.79729080200195,37.09312057495117
282,3,1,57.132606506347656,37.267818450927734
282,5,2,62.44648361206055,42.402252197265625
282,7,1,67.03936004638672,34.50471878051758
282,15,2,65.32787322998047,31.816015243530273
282,8,1,67.35457611083984,25.533159255981445
283,1,1,66.028076171875,46.79918670654297
283,6,2,58.50642013549805,60.837188720703125
283,11,2,53.068756103515625,54.55973815917969
283,14,1,56.70488739013672,46.94500732421875
283,34,1,67.57136535644531,58.279052734375
283,3,1,56.99492645263672,37.24003601074219
283,5,2,62.402854919433594,42.393428802490234
283,7,1,67.03936004638672,34.50471878051758
283,15,2,65.29984283447266,31.683408737182617
283,8,1,67.32762145996094,25.527767181396484
284,1,1,66.028076171875,46.79918670654297
284,6,2,58.45755386352539,60.827186584472656
284,11,2,53.036251068115234,54.4890251159668
284,14,1,56.70488739013672,46.94500732421875
284,34,1,67.57136535644531,58.279052734375
284,3,1,56.89414596557617,37.32645797729492
284,5,2,62.35922622680664,42.38460159301758
284,7,1,67.03936004638672,34.50471878051758
284,8,1,67.3006591796875,25.522375106811523
285,1,1,66.02645874023438,46.71136474609375
285,6,2,58.42497634887695,60.820518493652344
285,11,2,52.96520233154297,54.47452926635742
285,14,1,56.68473815917969,46.94091796875
285,34,1,67.57136535644531,58.279052734375
285,3,1,56.83051681518555,37.526275634765625
285,5,2,62.300201416015625,42.468955993652344
285,7,1,67.03936004638672,34.50471878051758
285,8,1,67.2737045288086,25.51698112487793
286,1,1,65.98651885986328,46.7907600402832
286,6,2,58.392398834228516,60.81385040283203
286,11,2,52.9090690612793,54.52715301513672
286,14,1,56.68473815917969,46.94091796875
286,34,1,67.58895111083984,58.28264236450195
286,3,1,56.7672233581543,37.72502899169922
286,5,2,62.2413215637207,42.55309295654297
286,7,1,67.03936004638672,34.50471878051758
286,8,1,67.24674987792969,25.51158905029297
286,15,2,65.12112426757812,31.52016830444336
287,1,1,65.94495391845703,46.78233337402344
287,6,2,58.35982131958008,60.80718231201172
287,11,2,52.85584259033203,54.516292572021484
287,14,1,56.68473815917969,46.94091796875
287,34,1,67.6065444946289,58.286231994628906
287,3,1,56.63606643676758,37.908966064453125
287,5,2,62.2413215637207,42.55309295654297
287,7,1,67.01549530029297,34.619850158691406
287,8,1,67.19310760498047,25.647607803344727
287,15,2,65.09270477294922,31.386749267578125
288,1,1,65.90338897705078,46.77390670776367
288,6,2,58.327247619628906,60.800514221191406
288,11,2,52.8026123046875,54.50543212890625
288,14,1,56.67708969116211,47.0217170715332
288,34,1,67.6065444946289,58.286231994628906
288,3,1,56.55939865112305,37.99827575683594
288,5,2,62.21956253051758,42.54869079589844
288,7,1,67.01549530029297,34.619850158691406
288,8,1,67.16619110107422,25.642223358154297
288,15,2,65.06756591796875,31.38170051574707
289,1,1,65.86183166503906,46.765480041503906
289,6,2,58.30323791503906,60.84938430786133
289,11,2,52.78215408325195,54.56520462036133
289,14,1,56.69721603393555,47.02580261230469
289,34,1,67.62413024902344,58.289825439453125
289,3,1,56.46026611328125,38.0827751159668
289,5,2,62.176048278808594,42.539886474609375
289,7,1,66.96739196777344,34.72977066040039
289,8,1,67.1127700805664,25.777822494506836
289,15,2,65.04243469238281,31.376651763916016
289,12,2,56.693397521972656,37.49860382080078
290,1,1,65.80137634277344,46.84050750732422
290,6,2,58.270694732666016,60.84272384643555
290,11,2,52.76443099975586,54.561588287353516
290,14,1,56.69721603393555,47.02580261230469
290,34,1,67.6417236328125,58.29341506958008
290,3,1,56.39225387573242,38.06904220581055
290,5,2,62.13913345336914,42.62822341918945
290,7,1,66.96739196777344,34.72977066040039
290,8,1,67.1127700805664,25.777822494506836
290,15,2,65.01729583740234,31.371604919433594
290,12,2,56.693397521972656,37.49860382080078
291,1,1,65.78062438964844,46.83629608154297
291,6,2,58.2381477355957,60.8360595703125
291,11,2,52.73164367675781,54.49095153808594
291,14,1,56.717342376708984,47.02988815307617
291,34,1,67.6417236328125,58.29341506958008
291,3,1,56.324241638183594,38.05531311035156
291,5,2,62.11740493774414,42.62382888793945
291,7,1,66.91943359375,34.83938217163086
291,8,1,67.08589172363281,25.772445678710938
291,15,2,64.96702575683594,31.361507415771484
291,12,2,56.693397521972656,37.49860382080078
291,132,2,61.978118896484375,18.689680099487305
292,1,1,65.74107360839844,46.915348052978516
292,6,2,58.181732177734375,60.878196716308594
292,11,2,52.71390151977539,54.48733139038086
292,14,1,56.717342376708984,47.02988815307617
292,34,1,67.65931701660156,58.29700469970703
292,3,1,56.25623321533203,38.04158401489258
292,5,2,62.11740493774414,42.62382888793945
292,7,1,66.94369506835938,34.84426498413086
292,8,1,67.03267669677734,25.907630920410156
292,15,2,64.916748046875,31.351411819458008
292,12,2,56.71083450317383,37.289466857910156
292,132,2,62.006690979003906,18.695375442504883
293,1,1,65.7203369140625,46.9111442565918
293,6,2,58.14921951293945,60.87154006958008
293,11,2,52.69353485107422,54.547122955322266
293,14,1,56.717342376708984,47.02988815307617
293,34,1,67.64144897460938,58.35586929321289
293,3,1,56.09669876098633,38.32124328613281
293,5,2,62.095672607421875,42.61943054199219
293,7,1,66.9200668334961,34.958431243896484
293,8,1,67.03267669677734,25.907630920410156
293,15,2,64.84502410888672,31.46471405029297
293,12,2,56.6966438293457,37.17985153198242
293,132,2,61.987037658691406,18.856637954711914
294,1,1,65.7203369140625,46.9111442565918
294,6,2,58.1004524230957,60.86155700683594
294,11,2,52.66067886352539,54.476470947265625
294,14,1,56.717342376708984,47.02988815307617
294,34,1,67.65901947021484,58.35945510864258
294,3,1,55.931053161621094,38.391204833984375
294,5,2,62.073944091796875,42.61503601074219
294,7,1,66.94429779052734,34.96331024169922
294,8,1,66.97962188720703,26.042394638061523
294,15,2,64.7948226928711,31.454633712768555
294,12,2,56.66500473022461,37.28022003173828
294,132,2,62.01556396484375,18.862323760986328
295,1,1,65.7203369140625,46.9111442565918
295,6,2,58.08419418334961,60.85823059082031
295,11,2,52.627750396728516,54.40567398071289
295,14,1,56.717342376708984,47.02988815307617
295,34,1,67.65901947021484,58.35945510864258
295,3,1,55.80348205566406,38.57144546508789
295,5,2,62.052215576171875,42.61064147949219
295,7,1,66.94429779052734,34.96331024169922
295,8,1,66.97962188720703,26.042394638061523
295,15,2,64.74844360351562,31.57265281677246
295,12,2,56.66500473022461,37.28022003173828
295,132,2,62.01556396484375,18.862323760986328
296,1,1,65.7203369140625,46.9111442565918
296,6,2,58.05168151855469,60.8515739440918
296,11,2,52.59223175048828,54.39842987060547
296,14,1,56.717342376708984,47.02988815307617
296,34,1,67.69416809082031,58.36663055419922
296,3,1,55.706260681152344,38.6544075012207
296,5,2,62.03048324584961,42.60624313354492
296,7,1,66.94429779052734,34.96331024169922
296,8,1,66.97962188720703,26.042394638061523
296,15,2,64.72338104248047,31.56761932373047
296,12,2,56.65633773803711,37.38493728637695
296,132,2,62.044090270996094,18.868011474609375
297,1,1,65.74107360839844,46.915348052978516
297,6,2,58.042884826660156,60.79609298706055
297,11,2,52.559200286865234,54.32748031616211
297,14,1,56.70966720581055,47.11049270629883
297,34,1,67.74726867675781,58.31496047973633
297,3,1,55.646060943603516,38.539649963378906
297,5,2,62.00875473022461,42.60184860229492
297,7,1,66.94429779052734,34.96331024169922
297,8,1,66.95283508300781,26.03703498840332
297,15,2,64.67326354980469,31.55755043029785
297,12,2,56.65633773803711,37.38493728637695
297,132,2,62.02440643310547,19.02872085571289
298,1,1,65.74107360839844,46.915348052978516
298,6,2,58.01034164428711,60.7894287109375
298,11,2,52.52364730834961,54.32022476196289
298,14,1,56.70966720581055,47.11049270629883
298,34,1,67.76445770263672,58.3809814453125
298,3,1,55.5857048034668,38.424598693847656
298,5,2,61.98702621459961,42.597450256347656
298,7,1,66.9685287475586,34.96818542480469
298,8,1,66.87401580810547,26.310667037963867
298,15,2,64.64820098876953,31.55251693725586
298,12,2,56.65633773803711,37.38493728637695
298,132,2,62.052886962890625,19.034399032592773
299,1,1,65.76180267333984,46.919551849365234
299,6,2,57.98666000366211,60.83826446533203
299,14,1,56.70200729370117,47.1909065246582
299,34,1,67.79960632324219,58.38815689086914
299,3,1,55.51815414428711,38.410953521728516
299,5,2,61.98702621459961,42.597450256347656
299,7,1,66.94489288330078,35.0820198059082
299,8,1,66.87401580810547,26.310667037963867
299,15,2,64.62313842773438,31.547483444213867
299,12,2,56.65633773803711,37.38493728637695
299,132,2,62.08136749267578,19.040077209472656
300,1,1,65.78253173828125,46.92375564575195
300,6,2,57.94677734375,60.88368225097656
300,14,1,56.68192672729492,47.18682861328125
300,34,1,67.83475494384766,58.39533233642578
300,3,1,55.421180725097656,38.494232177734375
300,5,2,61.96529769897461,42.593055725097656
300,8,1,66.84730529785156,26.305320739746094
300,15,2,64.59807586669922,31.542449951171875
300,12,2,56.67921829223633,37.389556884765625
300,132,2,62.090087890625,19.205907821655273
301,1,1,65.80326080322266,46.92795944213867
301,6,2,57.9069709777832,60.929012298583984
301,14,1,56.68192672729492,47.18682861328125
301,34,1,67.83428192138672,58.457618713378906
301,3,1,55.324466705322266,38.577293395996094
301,5,2,61.9069938659668,42.67681884765625
301,8,1,66.79479217529297,26.438840866088867
301,15,2,64.57301330566406,31.53741455078125
301,12,2,56.6705436706543,37.49399185180664
301,132,2,62.090087890625,19.205907821655273
302,1,1,65.80326080322266,46.92795944213867
302,6,2,57.85103225708008,60.97093963623047
302,14,1,56.68192672729492,47.18682861328125
302,34,1,67.85183715820312,58.46120071411133
302,3,1,55.24378967285156,38.765380859375
302,5,2,61.870513916015625,42.7647590637207
302,8,1,66.76905822753906,26.577274322509766
302,15,2,64.57301330566406,31.53741455078125
302,12,2,56.66189193725586,37.598148345947266
302,132,2,62.1185188293457,19.211576461791992
303,1,1,65.80326080322266,46.92795944213867
303,6,2,57.78800964355469,61.064491271972656
303,14,1,56.68192672729492,47.18682861328125
303,34,1,67.85134887695312,58.52336120605469
303,3,1,55.18587112426758,38.957000732421875
303,5,2,61.870513916015625,42.7647590637207
303,8,1,66.74243927001953,26.571945190429688
303,15,2,64.55204772949219,31.660167694091797
303,12,2,56.69884490966797,37.71123123168945
303,132,2,62.127166748046875,19.376853942871094
304,1,1,65.80326080322266,46.92795944213867
304,6,2,57.76466751098633,61.112789154052734
304,14,1,56.67430877685547,47.267059326171875
304,34,1,67.85134887695312,58.52336120605469
304,3,1,55.15702819824219,39.05243682861328
304,5,2,61.848838806152344,42.760372161865234
304,8,1,66.71682739257812,26.7099609375
304,15,2,64.52702331542969,31.655139923095703
304,12,2,56.72163772583008,37.71582794189453
304,132,2,62.15555191040039,19.38251304626465
305,1,1,65.80326080322266,46.92795944213867
305,6,2,57.76466751098633,61.112789154052734
305,14,1,56.67430877685547,47.267059326171875
305,34,1,67.85134887695312,58.52336120605469
305,3,1,55.15702819824219,39.05243682861328
305,5,2,61.870513916015625,42.7647590637207
305,8,1,66.76905822753906,26.577274322509766
305,15,2,64.52702331542969,31.655139923095703
305,12,2,56.72163772583008,37.71582794189453
305,132,2,62.183937072753906,19.388174057006836
306,1,1,65.82213592529297,46.8447151184082
306,6,2,57.748504638671875,61.10948181152344
306,14,1,56.67430877685547,47.267059326171875
306,34,1,67.85134887695312,58.52336120605469
306,3,1,55.15053939819336,39.15212631225586
306,5,2,61.855770111083984,42.85685729980469
306,8,1,66.74340057373047,26.715282440185547
306,15,2,64.50199890136719,31.650114059448242
306,12,2,56.72163772583008,37.71582794189453
306,132,2,62.183937072753906,19.388174057006836
306,7,1,66.99434661865234,35.328163146972656
307,1,1,65.80326080322266,46.92795944213867
307,6,2,57.71617889404297,61.10285949707031
307,14,1,56.694366455078125,47.27113342285156
307,34,1,67.86888885498047,58.526939392089844
307,3,1,55.144065856933594,39.251556396484375
307,5,2,61.855770111083984,42.85685729980469
307,8,1,66.74340057373047,26.715282440185547
307,15,2,64.47697448730469,31.64508628845215
307,12,2,56.73569869995117,37.824012756347656
307,132,2,62.21232604980469,19.393835067749023
307,7,1,66.97077178955078,35.441017150878906
308,1,1,65.78253173828125,46.92375564575195
308,6,2,57.700016021728516,61.099552154541016
308,14,1,56.68674087524414,47.351173400878906
308,34,1,67.86888885498047,58.526939392089844
308,3,1,55.115386962890625,39.34624099731445
308,5,2,61.855770111083984,42.85685729980469
308,8,1,66.71682739257812,26.7099609375
308,15,2,64.43119812011719,31.762483596801758
308,12,2,56.73569869995117,37.824012756347656
308,132,2,62.183937072753906,19.388174057006836
308,7,1,66.92321014404297,35.54871368408203
309,1,1,65.76180267333984,46.919551849365234
309,6,2,57.68385314941406,61.09624099731445
309,14,1,56.66670608520508,47.347103118896484
309,34,1,67.85086059570312,58.585391998291016
309,3,1,55.0867805480957,39.44068145751953
309,5,2,61.855770111083984,42.85685729980469
309,8,1,66.71682739257812,26.7099609375
309,15,2,64.360595703125,31.87452507019043
309,12,2,56.73569869995117,37.824012756347656
309,132,2,62.183937072753906,19.388174057006836
309,7,1,66.87577819824219,35.65610885620117
310,1,1,65.72232055664062,46.99840545654297
310,6,2,57.66769027709961,61.092933654785156
310,14,1,56.64667510986328,47.34303665161133
310,34,1,67.85086059570312,58.585391998291016
310,3,1,55.04239273071289,39.43170928955078
310,5,2,61.83412551879883,42.852474212646484
310,8,1,66.66366577148438,26.699317932128906
310,15,2,64.3106918334961,31.864500045776367
310,12,2,56.73569869995117,37.824012756347656
310,132,2,62.15555191040039,19.38251304626465
310,7,1,66.87508392333984,35.53902816772461
311,1,1,65.70161437988281,46.99420928955078
311,6,2,57.651527404785156,61.089622497558594
311,14,1,56.62664031982422,47.33897018432617
311,34,1,67.85086059570312,58.585391998291016
311,3,1,55.013916015625,39.525917053222656
311,5,2,61.83412551879883,42.852474212646484
311,8,1,66.58634185791016,26.96879768371582
311,15,2,64.2652816772461,31.98123550415039
311,12,2,56.73569869995117,37.824012756347656
311,132,2,62.127166748046875,19.376853942871094
311,7,1,66.87508392333984,35.53902816772461
312,1,1,65.70161437988281,46.99420928955078
312,6,2,57.64240264892578,61.0346794128418
312,14,1,56.59909439086914,47.414772033691406
312,34,1,67.86888885498047,58.526939392089844
312,3,1,54.975807189941406,39.41825485229492
312,5,2,61.855770111083984,42.85685729980469
312,8,1,66.53462982177734,27.10026741027832
312,15,2,64.17024993896484,32.0876350402832
312,12,2,56.71293640136719,37.819419860839844
312,132,2,62.0791015625,19.530282974243164
312,7,1,66.85175323486328,35.65127182006836
313,1,1,65.6996078491211,46.90694046020508
313,6,2,57.64945602416992,60.982948303222656
313,14,1,56.55162811279297,47.48634338378906
313,34,1,67.86888885498047,58.526939392089844
313,3,1,54.96337890625,39.61540603637695
313,5,2,61.855770111083984,42.85685729980469
313,8,1,66.50685119628906,26.952878952026367
313,15,2,64.12049865722656,32.07763671875
313,12,2,56.69017791748047,37.814823150634766
313,132,2,62.03119659423828,19.683208465576172
313,7,1,66.82772064208984,35.64643478393555
314,1,1,65.6996078491211,46.90694046020508
314,6,2,57.68184280395508,60.98957824707031
314,14,1,56.53164291381836,47.48228454589844
314,34,1,67.85134887695312,58.52336120605469
314,3,1,54.91297149658203,39.70466232299805
314,5,2,61.8194465637207,42.9443473815918
314,8,1,66.42880249023438,27.07907485961914
314,15,2,64.07073974609375,32.06764221191406
314,12,2,56.65879821777344,37.91355514526367
314,132,2,62.022422790527344,19.51898193359375
314,7,1,66.78048706054688,35.753543853759766
315,1,1,65.67887878417969,46.902740478515625
315,6,2,57.69804000854492,60.99289321899414
315,14,1,56.49905014038086,47.39445877075195
315,34,1,67.83380889892578,58.519779205322266
315,3,1,54.91297149658203,39.70466232299805
315,5,2,61.8194465637207,42.9443473815918
315,8,1,66.37741088867188,27.21017074584961
315,15,2,64.0009765625,32.17875289916992
315,12,2,56.63606643676758,37.908966064453125
315,132,2,61.994083404541016,19.513330459594727
315,7,1,66.73250579833984,35.74388122558594
316,1,1,65.65814971923828,46.898536682128906
316,6,2,57.69804000854492,60.99289321899414
316,14,1,56.47903823852539,47.39039611816406
316,34,1,67.83428192138672,58.457618713378906
316,3,1,54.856651306152344,39.89140319824219
316,5,2,61.76863479614258,43.1230354309082
316,8,1,66.2998046875,27.335580825805664
316,15,2,63.976131439208984,32.17375946044922
316,12,2,56.627506256103516,38.012027740478516
316,132,2,61.946319580078125,19.66628074645996
316,7,1,66.68547058105469,35.850704193115234
317,1,1,65.6187973022461,46.9774169921875
317,6,2,57.69804000854492,60.99289321899414
317,14,1,56.439022064208984,47.38227081298828
317,34,1,67.79873657226562,58.51261901855469
317,3,1,54.878700256347656,39.8958625793457
317,5,2,61.76863479614258,43.1230354309082
317,8,1,66.22244262695312,27.46060562133789
317,12,2,56.60480499267578,38.007442474365234
317,132,2,61.91802978515625,19.6606388092041
317,7,1,66.63856506347656,35.95722961425781
318,1,1,65.59596252441406,46.88592529296875
318,6,2,57.72135925292969,60.94438934326172
318,14,1,56.41901397705078,47.37820816040039
318,34,1,67.76366424560547,58.50545883178711
318,3,1,54.89466857910156,39.997772216796875
318,5,2,61.7325553894043,43.209861755371094
318,8,1,66.14530944824219,27.585248947143555
318,12,2,56.55939865112305,37.99827575683594
318,132,2,61.88973617553711,19.65499496459961
318,7,1,66.61463928222656,35.95241165161133
318,15,2,63.871734619140625,32.02764892578125
319,1,1,65.55667877197266,46.964820861816406
319,6,2,57.73565673828125,60.84046173095703
319,14,1,56.39900588989258,47.3741455078125
319,34,1,67.74612426757812,58.50187683105469
319,3,1,54.88859939575195,40.094974517822266
319,5,2,61.71101760864258,43.205501556396484
319,8,1,66.09272003173828,27.57471466064453
319,12,2,56.49129867553711,37.984527587890625
319,132,2,61.82306671142578,19.965049743652344
319,7,1,66.59071350097656,35.947593688964844
319,15,2,63.821983337402344,32.01765441894531
320,1,1,65.53598022460938,46.96062088012695
320,6,2,57.78255081176758,60.742801666259766
320,14,1,56.39900588989258,47.3741455078125
320,34,1,67.74612426757812,58.50187683105469
320,3,1,54.844608306884766,40.086082458496094
320,5,2,61.66794204711914,43.19678497314453
320,8,1,66.0381088256836,27.423683166503906
320,12,2,56.43759536743164,38.07819747924805
320,7,1,66.59071350097656,35.947593688964844
320,15,2,63.7525749206543,32.12883377075195
321,1,1,65.51527404785156,46.956424713134766
321,6,2,57.80606460571289,60.69383239746094
321,14,1,56.37175750732422,47.4498176574707
321,34,1,67.7816162109375,58.44686508178711
321,3,1,54.844608306884766,40.086082458496094
321,5,2,61.66080856323242,43.10121154785156
321,12,2,56.384037017822266,38.1716194152832
321,19,2,68.93854522705078,45.41366958618164
321,7,1,66.54400634765625,36.0538330078125
321,15,2,63.70289611816406,32.11885070800781
322,1,1,65.49456787109375,46.95222473144531
322,6,2,57.81332015991211,60.64143371582031
322,14,1,56.35177230834961,47.44575881958008
322,34,1,67.7991714477539,58.4504508972168
322,3,1,54.82859802246094,39.98441696166992
322,5,2,61.61768341064453,43.09248352050781
322,12,2,56.33061599731445,38.26478958129883
322,19,2,68.85309600830078,45.396366119384766
322,7,1,66.49622344970703,36.044212341308594
322,15,2,63.60895919799805,32.22473907470703
322,132,2,61.63505935668945,20.08842658996582
322,8,1,65.90867614746094,27.537843704223633
323,1,1,65.49231719970703,46.86491012573242
323,6,2,57.83690643310547,60.5922737121582
323,14,1,56.31180191040039,47.43764114379883
323,34,1,67.81717681884766,58.39174270629883
323,3,1,54.82261276245117,40.081634521484375
323,5,2,61.56025695800781,43.17498779296875
323,12,2,56.29347610473633,38.1533317565918
323,19,2,68.79076385498047,45.29138946533203
323,7,1,66.42585754394531,36.14536666870117
323,15,2,63.540061950683594,32.335296630859375
323,132,2,61.578758239746094,20.077194213867188
323,8,1,65.8537826538086,27.386760711669922
324,1,1,65.51081085205078,46.781593322753906
324,6,2,57.83690643310547,60.5922737121582
324,14,1,56.27183151245117,47.42952346801758
324,34,1,67.81717681884766,58.39174270629883
324,3,1,54.80657196044922,39.97996139526367
324,5,2,61.517181396484375,43.1662712097168
324,12,2,56.240177154541016,38.24652862548828
324,19,2,68.72827911376953,45.186153411865234
324,7,1,66.37950897216797,36.25103759765625
324,15,2,63.465763092041016,32.32036209106445
324,132,2,61.49430465698242,20.060346603393555
324,8,1,65.8011245727539,27.376211166381836
325,1,1,65.53156280517578,46.78580093383789
325,6,2,57.88421630859375,60.493675231933594
325,14,1,56.23186111450195,47.421409606933594
325,34,1,67.79960632324219,58.38815689086914
325,3,1,54.82859802246094,39.98441696166992
325,5,2,61.48146438598633,43.252933502197266
325,12,2,56.217567443847656,38.241966247558594
325,19,2,68.66403198242188,45.17314529418945
325,7,1,66.33185577392578,36.24143981933594
325,15,2,63.3914680480957,32.3054313659668
325,132,2,61.41957092285156,20.205787658691406
325,8,1,65.72463989257812,27.5009765625
326,1,1,65.55012512207031,46.70228576660156
326,6,2,57.92430114746094,60.44758224487305
326,14,1,56.17190933227539,47.40923309326172
326,34,1,67.78203582763672,58.38456726074219
326,3,1,54.85062026977539,39.988868713378906
326,5,2,61.48146438598633,43.252933502197266
326,12,2,56.17234802246094,38.23283386230469
326,19,2,68.59979248046875,45.16013717651367
326,7,1,66.30950164794922,36.35162353515625
326,15,2,63.29825210571289,32.41073989868164
326,132,2,61.363365173339844,20.19457244873047
326,8,1,65.67464447021484,27.630619049072266
327,1,1,65.54793548583984,46.61435317993164
327,6,2,58.01360321044922,60.411460876464844
327,11,2,52.529117584228516,54.64106750488281
327,14,1,56.13193893432617,47.401119232177734
327,34,1,67.72895050048828,58.43611526489258
327,3,1,54.88859939575195,40.094974517822266
327,5,2,61.48146438598633,43.252933502197266
327,12,2,56.12712860107422,38.22370529174805
327,19,2,68.53410339355469,45.23942184448242
327,7,1,66.26344299316406,36.45671844482422
327,15,2,63.22406768798828,32.39582824707031
327,132,2,61.307159423828125,20.183359146118164
327,8,1,65.62214660644531,27.620100021362305
328,1,1,65.52713012695312,46.610137939453125
328,6,2,58.09550094604492,60.428218841552734
328,11,2,52.54680633544922,54.644676208496094
328,14,1,56.07198715209961,47.38894271850586
328,34,1,67.71139526367188,58.43252944946289
328,3,1,54.88254165649414,40.191932678222656
328,5,2,61.48146438598633,43.252933502197266
328,12,2,56.11235809326172,38.116764068603516
328,19,2,68.4699478149414,45.2264289855957
328,7,1,66.23968505859375,36.45193099975586
328,15,2,63.17461013793945,32.385887145996094
328,132,2,61.250953674316406,20.172143936157227
328,8,1,65.54617309570312,27.744110107421875
329,1,1,65.52490234375,46.52198791503906
329,6,2,58.13703536987305,60.491119384765625
329,11,2,52.53157043457031,54.577884674072266
329,14,1,56.02519226074219,47.46045684814453
329,34,1,67.67628479003906,58.42536163330078
329,3,1,54.86057662963867,40.1874885559082
329,5,2,61.48146438598633,43.252933502197266
329,12,2,56.067081451416016,38.10762405395508
329,19,2,68.4057846069336,45.21343994140625
329,7,1,66.1921615600586,36.442359924316406
329,15,2,63.081844329833984,32.49092483520508
329,132,2,61.13077926635742,20.46729278564453
329,8,1,65.4937515258789,27.73360824584961
330,1,1,65.50407409667969,46.517765045166016
330,6,2,58.14579391479492,60.547210693359375
330,11,2,52.51630401611328,54.51095962524414
330,14,1,55.97850799560547,47.53179931640625
330,34,1,67.64117431640625,58.41819381713867
330,3,1,54.83860778808594,40.183048248291016
330,5,2,61.45995330810547,43.24858093261719
330,12,2,56.01408386230469,38.20087814331055
330,19,2,68.34162139892578,45.20044708251953
330,7,1,66.14464569091797,36.43278884887695
330,15,2,63.00776672363281,32.476036071777344
330,132,2,61.046749114990234,20.450523376464844
330,8,1,65.44133758544922,27.72310447692871
331,1,1,65.44390869140625,46.593265533447266
331,6,2,58.17740249633789,60.44498062133789
331,11,2,52.52364730834961,54.32022476196289
331,14,1,55.925392150878906,47.440189361572266
331,34,1,67.6238784790039,58.35227966308594
331,3,1,54.81664276123047,40.17860412597656
331,5,2,61.416934967041016,43.239871978759766
331,12,2,55.93864440917969,38.28932571411133
331,19,2,68.2774658203125,45.18745803833008
331,7,1,66.09712982177734,36.4232177734375
331,15,2,62.97678756713867,32.34612274169922
331,132,2,60.973114013671875,20.59461212158203
331,8,1,65.31029510498047,27.696849822998047
332,1,1,65.26313781738281,46.620906829833984
332,6,2,58.158931732177734,60.097991943359375
332,14,1,55.76003646850586,47.465999603271484
332,34,1,67.46952819824219,58.36661148071289
332,3,1,54.7015495300293,40.227298736572266
332,5,2,61.276702880859375,43.280311584472656
332,12,2,55.804134368896484,38.234676361083984
332,19,2,68.08905792236328,45.21717071533203
332,7,1,65.91378021240234,36.470096588134766
332,15,2,62.7464714050293,32.51414108276367
332,132,2,60.746246337890625,20.823535919189453
332,8,1,65.13850402832031,27.90292739868164
333,1,1,65.177734375,46.40137481689453
333,6,2,58.173545837402344,59.86268615722656
333,14,1,55.652671813964844,47.257389068603516
333,34,1,67.4025650024414,58.27137756347656
333,3,1,54.64052200317383,40.086891174316406
333,5,2,61.163116455078125,43.13484191894531
333,12,2,55.67534637451172,38.07307815551758
333,19,2,67.96576690673828,45.07143783569336
333,7,1,65.81829833984375,36.18714904785156
333,15,2,62.61882019042969,32.327171325683594
333,132,2,60.56972122192383,20.581932067871094
334,1,1,65.1900634765625,46.452293395996094
334,6,2,58.30280303955078,59.919734954833984
334,14,1,55.69056701660156,47.309810638427734
334,34,1,67.48211669921875,58.25954055786133
334,3,1,54.73706817626953,40.356101989746094
334,5,2,61.22161865234375,43.19839859008789
334,12,2,55.756046295166016,38.25031280517578
334,19,2,67.95513153076172,45.120277404785156
334,7,1,65.88151550292969,36.37742233276367
334,15,2,62.642215728759766,32.5233268737793
334,132,2,60.61826705932617,20.678783416748047
334,8,1,65.00459289550781,28.04788589477539
335,1,1,65.16474151611328,46.4242057800293
335,6,2,58.396087646484375,59.813026428222656
335,11,2,52.51968002319336,54.17238998413086
335,14,1,55.64340591430664,47.279029846191406
335,34,1,67.49653625488281,58.246124267578125
335,3,1,54.72887420654297,40.328941345214844
335,5,2,61.194175720214844,43.16832733154297
335,12,2,55.71805191040039,38.31904983520508
335,19,2,67.86524200439453,45.17031478881836
335,7,1,65.85497283935547,36.45635223388672
335,15,2,62.5442008972168,32.5944938659668
335,132,2,60.52653503417969,20.619157791137695
335,8,1,64.92430877685547,28.13343620300293
336,1,1,65.14970397949219,46.362152099609375
336,6,2,58.42951583862305,59.78242874145508
336,11,2,52.531227111816406,54.19598388671875
336,14,1,55.615203857421875,47.299991607666016
336,34,1,67.5384292602539,58.149879455566406
336,3,1,54.71442794799805,40.45553970336914
336,5,2,61.183048248291016,43.19693374633789
336,12,2,55.67894744873047,38.44826126098633
336,19,2,67.8093032836914,45.09700393676758
336,7,1,65.86431121826172,36.49571228027344
336,15,2,62.4992561340332,32.50291442871094
336,132,2,60.417449951171875,20.491151809692383
336,8,1,64.83084869384766,28.15989875793457
337,1,1,65.19422149658203,46.289649963378906
337,6,2,58.458927154541016,59.73674774169922
337,11,2,52.52150344848633,54.13422393798828
337,14,1,55.581295013427734,47.29916000366211
337,34,1,67.56067657470703,58.096229553222656
337,3,1,54.715328216552734,40.56013488769531
337,5,2,61.18903732299805,43.205142974853516
337,12,2,55.61821365356445,38.44368362426758
337,19,2,67.7291259765625,45.087669372558594
337,7,1,65.87043762207031,36.50544738769531
337,15,2,62.4390869140625,32.6229362487793
337,132,2,60.341468811035156,20.487815856933594
337,8,1,64.78560638427734,28.16107940673828
338,1,1,65.22743225097656,46.27943801879883
338,6,2,58.45088195800781,59.72435760498047
338,14,1,55.524757385253906,47.35312271118164
338,34,1,67.5541000366211,58.01976776123047
338,3,1,54.6877326965332,40.43871307373047
338,5,2,61.15776062011719,43.18080139160156
338,12,2,55.59833908081055,38.21331024169922
338,19,2,67.65682220458984,45.05527114868164
338,7,1,65.81344604492188,36.47209167480469
338,15,2,62.336952209472656,32.70145797729492
338,132,2,60.25615692138672,20.598634719848633
338,8,1,64.74082946777344,27.850175857543945
339,1,1,65.27104187011719,46.150455474853516
339,6,2,58.532928466796875,59.48497772216797
339,14,1,55.462730407714844,47.29526901245117
339,34,1,67.54145050048828,57.981903076171875
339,3,1,54.641021728515625,40.37483596801758
339,5,2,61.130104064941406,43.02871322631836
339,12,2,55.52821731567383,38.14122772216797
339,19,2,67.57737731933594,44.987464904785156
339,7,1,65.74762725830078,36.39511489868164
339,15,2,62.283321380615234,32.49933624267578
339,132,2,60.11336898803711,20.797338485717773
339,8,1,64.64541625976562,27.8919677734375
340,1,1,65.16532897949219,46.1099853515625
340,6,2,58.554725646972656,59.19362258911133
340,14,1,55.34541702270508,47.172855377197266
340,34,1,67.45264434814453,57.9501953125
340,3,1,54.56059265136719,40.14208984375
340,5,2,61.020084381103516,42.986202239990234
340,12,2,55.381805419921875,38.192996978759766
340,19,2,67.46985626220703,44.94578552246094
340,7,1,65.60645294189453,36.456146240234375
340,15,2,62.16766357421875,32.202754974365234
340,8,1,64.46102905273438,27.82534408569336
341,1,1,65.09627532958984,46.23492431640625
341,6,2,58.59315490722656,59.290897369384766
341,14,1,55.285362243652344,47.44961929321289
341,34,1,67.35535430908203,58.15515899658203
341,3,1,54.50376892089844,40.381736755371094
341,5,2,60.943580627441406,43.21211242675781
341,12,2,55.307159423828125,38.64815139770508
341,19,2,67.37338256835938,45.163665771484375
341,7,1,65.50614929199219,36.72755432128906
341,15,2,62.009552001953125,32.61074447631836
341,132,2,59.78981399536133,21.413074493408203
342,1,1,65.08684539794922,45.62128829956055
342,6,2,58.60133361816406,59.071693420410156
342,14,1,55.12595748901367,47.02244567871094
342,34,1,67.3456802368164,57.8460578918457
342,3,1,54.38968276977539,39.881385803222656
342,5,2,60.88447952270508,42.646541595458984
342,12,2,55.14362716674805,38.21721267700195
342,19,2,67.34025573730469,44.61248779296875
342,7,1,65.43313598632812,36.15849304199219
342,15,2,61.94304275512695,31.747072219848633
342,132,2,59.618865966796875,20.459653854370117
342,8,1,64.19232940673828,27.591533660888672
343,1,1,65.30595397949219,45.388553619384766
343,6,2,58.83208465576172,59.11455535888672
343,14,1,55.200443267822266,47.03142547607422
343,34,1,67.50096130371094,57.87297439575195
343,3,1,54.581661224365234,39.91276550292969
343,5,2,61.0521125793457,42.673301696777344
343,12,2,55.30867385864258,38.035560607910156
343,19,2,67.52899932861328,44.550106048583984
343,7,1,65.64405059814453,36.3067741394043
343,15,2,62.05146026611328,32.00872039794922
343,132,2,59.779075622558594,20.479719161987305
343,8,1,64.41705322265625,27.487234115600586
344,1,1,65.18414306640625,44.925682067871094
344,6,2,58.7554931640625,58.82174301147461
344,14,1,54.94197082519531,46.66648864746094
344,34,1,67.39216613769531,57.5440559387207
344,3,1,54.366085052490234,39.391353607177734
344,5,2,60.87969970703125,42.178104400634766
344,12,2,55.098533630371094,37.38439178466797
344,19,2,67.37511444091797,44.06515884399414
344,7,1,65.4640884399414,35.832157135009766
344,15,2,61.83607864379883,31.362733840942383
344,132,2,59.47714614868164,19.491214752197266
344,8,1,64.20645141601562,26.770238876342773
345,1,1,65.08003234863281,45.63003921508789
345,6,2,58.731040954589844,59.21896743774414
345,14,1,54.8386116027832,47.297706604003906
345,34,1,67.23406219482422,58.08277893066406
345,3,1,54.32402038574219,40.17377853393555
345,5,2,60.78639221191406,42.826847076416016
345,12,2,55.02507400512695,38.204925537109375
345,19,2,67.20447540283203,44.78184509277344
345,7,1,65.34420776367188,36.72221374511719
345,15,2,61.662071228027344,32.447837829589844
345,132,2,59.31687545776367,20.574949264526367
345,8,1,64.0110855102539,27.84718894958496
346,1,1,65.0416259765625,45.796661376953125
346,6,2,58.704036712646484,59.267459869384766
346,14,1,54.720558166503906,47.510894775390625
346,34,1,67.16244506835938,58.1903076171875
346,3,1,54.23977279663086,40.4439811706543
346,5,2,60.75746536254883,43.00458526611328
346,12,2,54.92582321166992,38.282657623291016
346,19,2,67.07472229003906,44.93613815307617
346,7,1,65.27400207519531,36.81501007080078
346,15,2,61.552738189697266,32.296478271484375
346,132,2,59.117530822753906,20.840957641601562
346,8,1,63.8886604309082,28.090185165405273
347,1,1,64.97039794921875,45.86296463012695
347,6,2,58.711181640625,59.03485870361328
347,14,1,54.62944793701172,47.484764099121094
347,34,1,67.11815643310547,58.17531204223633
347,3,1,54.112571716308594,40.50599670410156
347,5,2,60.63316345214844,43.15810012817383
347,12,2,54.793968200683594,38.3491325378418
347,19,2,66.91508483886719,45.07954025268555
347,7,1,65.14659881591797,36.89116287231445
347,15,2,61.343177795410156,32.610633850097656
347,132,2,58.90696716308594,21.096101760864258
347,8,1,63.724178314208984,28.180957794189453
348,1,1,65.10396575927734,45.697383880615234
348,6,2,58.86430358886719,58.768795013427734
348,14,1,54.71952438354492,47.49055480957031
348,34,1,67.23509979248047,58.18942642211914
348,3,1,54.167789459228516,40.5020637512207
348,5,2,60.68877029418945,43.15476608276367
348,12,2,54.850990295410156,38.344627380371094
348,19,2,66.97151184082031,45.07661819458008
348,7,1,65.25279998779297,36.78245162963867
348,15,2,61.43909454345703,32.36578369140625
348,132,2,58.93696594238281,20.921977996826172
348,8,1,63.766151428222656,28.168079376220703
349,1,1,64.82347106933594,45.2889289855957
349,6,2,58.69145584106445,58.447696685791016
349,14,1,54.41774368286133,47.276023864746094
349,34,1,67.04488372802734,57.968109130859375
349,3,1,53.79563522338867,40.14421081542969
349,5,2,60.359073638916016,42.72061538696289
349,12,2,54.47014617919922,37.96781539916992
349,19,2,66.65412902832031,44.743839263916016
349,7,1,64.91502380371094,36.27165222167969
349,15,2,61.00008773803711,31.91891098022461
349,132,2,58.416996002197266,20.519699096679688
349,8,1,63.345367431640625,27.82257843017578
350,1,1,64.91233825683594,45.774208068847656
350,6,2,58.861793518066406,58.785255432128906
350,14,1,54.5240592956543,47.714012145996094
350,34,1,67.15984344482422,58.25490951538086
350,3,1,53.916656494140625,40.67277526855469
350,5,2,60.45726013183594,43.228736877441406
350,12,2,54.56206512451172,38.623355865478516
350,19,2,66.71112060546875,45.23439407348633
350,7,1,65.01081848144531,36.766700744628906
350,15,2,61.043052673339844,32.68893051147461
350,132,2,58.476680755615234,21.341394424438477
350,8,1,63.38869094848633,28.540069580078125
351,1,1,64.99410247802734,45.49563980102539
351,6,2,58.89098358154297,58.59992218017578
351,14,1,54.422576904296875,47.43037033081055
351,34,1,67.21797180175781,57.997615814208984
351,3,1,53.8680419921875,40.34458541870117
351,5,2,60.41475296020508,42.91176986694336
351,12,2,54.48665237426758,38.373878479003906
351,19,2,66.67396545410156,45.01651382446289
351,7,1,65.00835418701172,36.39375305175781
351,15,2,60.95713424682617,32.39179611206055
351,132,2,58.35597610473633,20.806217193603516
351,8,1,63.371925354003906,27.952444076538086
352,1,1,65.0334243774414,46.687782287597656
352,6,2,58.95130920410156,59.49502182006836
352,14,1,54.473365783691406,48.65199661254883
352,34,1,67.15154266357422,58.87607192993164
352,3,1,53.99877166748047,41.83512496948242
352,5,2,60.411563873291016,44.23892593383789
352,12,2,54.586727142333984,39.93888473510742
352,19,2,66.56050109863281,46.2042236328125
352,7,1,64.985595703125,37.990779876708984
352,15,2,60.96670150756836,34.118953704833984
352,132,2,58.34423065185547,22.995960235595703
352,8,1,63.26047897338867,29.988235473632812
353,1,1,65.03593444824219,45.54206848144531
353,6,2,58.91883850097656,58.571876525878906
353,14,1,54.263797760009766,47.51198196411133
353,34,1,67.18145751953125,58.016719818115234
353,3,1,53.7988395690918,40.56509017944336
353,5,2,60.35224914550781,42.93877410888672
353,12,2,54.34642791748047,38.59309005737305
353,19,2,66.52350616455078,45.02485275268555
353,7,1,65.01122283935547,36.55562973022461
353,15,2,60.86090087890625,32.424095153808594
353,132,2,58.11061096191406,20.823013305664062
353,8,1,63.19689178466797,28.11176300048828
354,1,1,65.09723663330078,45.64455032348633
354,6,2,59.017364501953125,58.47517776489258
354,14,1,54.249935150146484,47.66891098022461
354,34,1,67.1781005859375,58.204444885253906
354,3,1,53.80652618408203,40.75947189331055
354,5,2,60.386417388916016,43.1334114074707
354,12,2,54.34744644165039,38.89803695678711
354,19,2,66.49957275390625,45.2037239074707
354,7,1,65.03917694091797,36.89985275268555
354,15,2,60.8799934387207,32.428245544433594
354,132,2,58.03860092163086,21.274429321289062
354,8,1,63.138710021972656,28.642946243286133
355,1,1,64.44322204589844,45.40882110595703
355,6,2,58.541534423828125,58.13378143310547
355,14,1,53.565425872802734,47.35842514038086
355,34,1,66.63433074951172,58.02149200439453
355,3,1,53.06763458251953,40.595699310302734
355,5,2,59.669559478759766,42.880733489990234
355,12,2,53.59386444091797,38.62946701049805
355,19,2,65.8195571899414,44.960723876953125
355,7,1,64.30725860595703,36.62314224243164
355,15,2,60.03583526611328,32.11769104003906
355,132,2,57.046878814697266,21.053356170654297
355,8,1,62.31095886230469,27.91419792175293
356,1,1,65.16424560546875,45.156463623046875
356,6,2,59.14200973510742,57.935394287109375
356,14,1,54.108421325683594,47.11463928222656
356,34,1,67.2281723022461,57.86527633666992
356,3,1,53.68208694458008,40.29443359375
356,5,2,60.301082611083984,42.687931060791016
356,12,2,54.233619689941406,38.206825256347656
356,19,2,66.51268768310547,44.69465255737305
356,7,1,65.06629180908203,36.2768669128418
356,15,2,60.7056999206543,32.07954788208008
356,132,2,57.82822799682617,20.524263381958008
357,1,1,64.73626708984375,44.869144439697266
357,6,2,58.81678009033203,57.856990814208984
357,14,1,53.629634857177734,47.0012321472168
357,34,1,66.80672454833984,57.82982635498047
357,3,1,53.15699005126953,40.16878890991211
357,5,2,59.81776428222656,42.4764518737793
357,12,2,53.688846588134766,38.1789665222168
357,19,2,66.02293395996094,44.576927185058594
357,7,1,64.49934387207031,36.13983917236328
357,15,2,60.11542510986328,31.936214447021484
357,132,2,57.078880310058594,20.343303680419922
357,8,1,62.39292526245117,27.573715209960938
358,1,1,65.18521118164062,44.628509521484375
358,6,2,59.17315673828125,57.95311737060547
358,14,1,53.92645263671875,47.093048095703125
358,34,1,67.06449890136719,57.907081604003906
358,3,1,53.48691177368164,40.17620086669922
358,5,2,60.14919662475586,42.48564147949219
358,12,2,54.00581359863281,38.18037033081055
358,19,2,66.44046020507812,44.51173782348633
358,7,1,64.84681701660156,36.254337310791016
358,15,2,60.47886657714844,32.05739212036133
358,132,2,57.406925201416016,20.469938278198242
358,8,1,62.73047637939453,27.832231521606445
359,1,1,65.24605560302734,44.56619644165039
359,6,2,59.18199920654297,58.026004791259766
359,14,1,53.899803161621094,47.26420974731445
359,34,1,67.0283432006836,57.91181182861328
359,3,1,53.3934211730957,40.370094299316406
359,5,2,60.07243728637695,42.58317565917969
359,12,2,53.930686950683594,38.38983917236328
359,19,2,66.41813659667969,44.52510070800781
359,7,1,64.78223419189453,36.49037551879883
359,15,2,60.36629867553711,32.181365966796875
359,132,2,57.24687576293945,20.77992057800293
359,8,1,62.59611129760742,28.24047088623047
360,1,1,65.12589263916016,44.59550476074219
360,6,2,59.063758850097656,57.97685623168945
360,14,1,53.696266174316406,47.269493103027344
360,34,1,66.89217376708984,57.85755157470703
360,3,1,53.17424774169922,40.2851448059082
360,5,2,59.88051986694336,42.50459671020508
360,12,2,53.67873764038086,38.39823913574219
360,19,2,66.21087646484375,44.53718948364258
360,7,1,64.57487487792969,36.401058197021484
360,15,2,60.09869384765625,32.07603454589844
360,132,2,56.899322509765625,20.489370346069336
360,8,1,62.29019546508789,28.122194290161133
361,1,1,64.874267578125,44.682212829589844
361,6,2,58.870941162109375,57.90727996826172
361,14,1,53.38264083862305,47.32546615600586
361,34,1,66.68122863769531,57.90869140625
361,3,1,52.85588073730469,40.26860427856445
361,5,2,59.58266830444336,42.49113464355469
361,12,2,53.34754943847656,38.483482360839844
361,19,2,65.91162872314453,44.522525787353516
361,7,1,64.29297637939453,36.40024948120117
361,15,2,59.710201263427734,32.058616638183594
361,132,2,56.408905029296875,20.46852684020996
361,8,1,61.88825225830078,28.244104385375977
362,1,1,65.23078918457031,44.77431869506836
362,6,2,59.16892623901367,57.80158996582031
362,14,1,53.610103607177734,47.5484619140625
362,34,1,66.99315643310547,57.922996520996094
362,3,1,53.133060455322266,40.442230224609375
362,5,2,59.89007568359375,42.66836929321289
362,12,2,53.61299514770508,38.559104919433594
362,19,2,66.20547485351562,44.60212326049805
362,7,1,64.64143371582031,36.49497604370117
362,132,2,56.70906066894531,20.562211990356445
362,8,1,62.21797561645508,28.339496612548828
363,1,1,65.22908782958984,44.666481018066406
363,6,2,59.22311019897461,57.44024658203125
363,14,1,53.50981140136719,47.51474380493164
363,34,1,66.97698211669922,57.972129821777344
363,3,1,53.0443000793457,40.40809631347656
363,5,2,59.837318420410156,42.54729080200195
363,12,2,53.52641296386719,38.422821044921875
363,19,2,66.12091827392578,44.569435119628906
363,7,1,64.6224594116211,36.58525466918945
363,132,2,56.55206298828125,20.34860610961914
363,8,1,62.133018493652344,28.16437339782715
364,1,1,65.24183654785156,44.55267333984375
364,6,2,59.27072525024414,57.19001007080078
364,14,1,53.4376106262207,47.55888366699219
364,34,1,66.93767547607422,58.0106201171875
364,3,1,52.965232849121094,40.46342468261719
364,5,2,59.75261306762695,42.60010528564453
364,12,2,53.43088912963867,38.274879455566406
364,19,2,66.01142883300781,44.708499908447266
364,7,1,64.54862976074219,36.65380096435547
364,132,2,56.40185546875,20.27785873413086
364,8,1,62.038936614990234,27.974227905273438
364,15,2,59.78360366821289,31.924381256103516
365,1,1,65.81127166748047,43.097694396972656
365,6,2,59.67713928222656,56.045799255371094
365,14,1,53.681556701660156,46.095909118652344
365,34,1,67.4888916015625,56.92950439453125
365,3,1,53.19679260253906,38.772850036621094
365,5,2,60.17060089111328,40.88187789916992
365,12,2,53.7034912109375,36.485382080078125
365,19,2,66.55247497558594,43.15107727050781
365,7,1,65.1773452758789,34.50712966918945
365,132,2,56.77108383178711,17.51167869567871
365,8,1,62.57065200805664,25.758813858032227
365,15,2,60.263267517089844,29.663131713867188
366,1,1,65.5111083984375,44.13599395751953
366,6,2,59.38502883911133,57.270713806152344
366,14,1,53.412147521972656,47.7072639465332
366,34,1,67.01103973388672,58.08443069458008
366,3,1,52.9166374206543,40.6397705078125
366,5,2,59.72148895263672,42.682254791259766
366,12,2,53.393585205078125,38.66774368286133
366,19,2,65.91468048095703,45.0512580871582
366,7,1,64.5753402709961,36.652076721191406
366,132,2,56.208770751953125,20.6967830657959
366,8,1,61.919368743896484,28.483064651489258
366,15,2,59.72342300415039,32.02754211425781
367,1,1,65.56295013427734,43.87334442138672
367,6,2,59.31948471069336,57.32417297363281
367,14,1,53.28608703613281,47.76808166503906
367,34,1,66.88378143310547,58.18953323364258
367,3,1,52.781883239746094,40.621524810791016
367,5,2,59.543766021728516,42.655155181884766
367,12,2,53.20650863647461,38.7404899597168
367,19,2,65.80241394042969,45.03713607788086
367,7,1,64.44700622558594,36.52397918701172
367,132,2,55.95395278930664,20.660476684570312
367,8,1,61.73244857788086,28.458234786987305
367,15,2,59.482608795166016,32.11332321166992
368,1,1,65.52076721191406,44.63616180419922
368,6,2,59.368350982666016,57.28902816772461
368,14,1,53.33648681640625,47.71997833251953
368,34,1,66.97456359863281,58.2243766784668
368,3,1,52.7901611328125,40.64822769165039
368,5,2,59.58314514160156,42.593414306640625
368,12,2,53.23712921142578,38.77301788330078
368,19,2,65.88956451416016,44.9870719909668
368,7,1,64.56607818603516,36.46439743041992
368,132,2,55.935543060302734,20.69725799560547
368,8,1,61.7130241394043,28.489450454711914
368,15,2,59.50283432006836,32.02681350708008
369,1,1,65.45992279052734,45.013877868652344
369,6,2,59.347450256347656,57.29958724975586
369,14,1,53.310794830322266,47.81283187866211
369,34,1,66.98665618896484,58.24199295043945
369,3,1,52.697731018066406,40.748382568359375
369,5,2,59.5355224609375,42.606685638427734
369,12,2,53.18997573852539,38.78794860839844
369,19,2,65.84256744384766,45.09137725830078
369,7,1,64.55950927734375,36.490543365478516
369,132,2,55.76563262939453,20.700885772705078
369,8,1,61.6125373840332,28.6359920501709
369,15,2,59.39940643310547,32.035789489746094
370,1,1,65.33821105957031,45.13998031616211
370,6,2,59.260250091552734,57.13798522949219
370,14,1,53.12269592285156,47.904541015625
370,34,1,66.84842681884766,58.31666946411133
370,5,2,59.39275360107422,42.639259338378906
370,12,2,52.981258392333984,38.811397552490234
370,7,1,64.40263366699219,36.64541244506836
370,132,2,55.449100494384766,20.738401412963867
370,8,1,61.380165100097656,28.542736053466797
370,15,2,59.187686920166016,32.07307434082031
371,1,1,65.46668243408203,45.20733642578125
371,6,2,59.42462921142578,56.8292236328125
371,14,1,53.14982604980469,47.9456901550293
371,34,1,66.93595886230469,58.30057144165039
371,3,1,52.546852111816406,40.82331466674805
371,5,2,59.49527359008789,42.60853576660156
371,12,2,52.98982238769531,38.85877990722656
371,7,1,64.52247619628906,36.720680236816406
371,132,2,55.438838958740234,20.651994705200195
371,8,1,61.42690658569336,28.478883743286133
371,15,2,59.21767044067383,32.13465118408203
371,19,2,65.98140716552734,44.483577728271484
372,1,1,65.44255065917969,45.11569595336914
372,6,2,59.40019607543945,56.640411376953125
372,14,1,53.01250076293945,47.921512603759766
372,34,1,66.8126220703125,58.278350830078125
372,5,2,59.33258056640625,42.674320220947266
372,12,2,52.827484130859375,39.03114700317383
372,7,1,64.45120239257812,36.711666107177734
372,132,2,55.19056701660156,20.609760284423828
372,8,1,61.220645904541016,28.443899154663086
372,15,2,59.057456970214844,32.23030471801758
373,1,1,65.29146575927734,44.94166946411133
373,6,2,59.27287292480469,56.7036018371582
373,14,1,52.765777587890625,47.905094146728516
373,34,1,66.63802337646484,58.207218170166016
373,5,2,59.091304779052734,42.57183074951172
373,12,2,52.552181243896484,38.91852951049805
373,7,1,64.23831176757812,36.6046257019043
373,132,2,54.814964294433594,20.60122299194336
373,8,1,60.89213562011719,28.43572235107422
373,15,2,58.79497146606445,31.985774993896484
374,1,1,65.36463928222656,45.184967041015625
374,6,2,59.41029357910156,56.82513427734375
374,14,1,52.77708053588867,47.94681930541992
374,34,1,66.6943359375,58.312278747558594
374,5,2,59.110050201416016,42.7170524597168
374,12,2,52.56198501586914,39.07069778442383
374,7,1,64.26756286621094,36.66720962524414
374,132,2,54.76669692993164,20.823196411132812
374,8,1,60.884803771972656,28.635345458984375
374,15,2,58.755680084228516,32.28327178955078
375,1,1,65.45268249511719,45.33177185058594
375,6,2,59.48353576660156,56.86614990234375
375,14,1,52.78095245361328,48.05854034423828
375,34,1,66.72956848144531,58.34555435180664
375,5,2,59.114261627197266,42.75731658935547
375,12,2,52.519493103027344,39.30262756347656
375,7,1,64.22638702392578,36.818355560302734
375,132,2,54.657859802246094,21.019174575805664
375,8,1,60.83743667602539,28.681854248046875
375,15,2,58.724029541015625,32.449161529541016
376,1,1,65.38143920898438,45.38519287109375
376,6,2,59.448089599609375,56.781227111816406
376,14,1,52.70624542236328,48.10173034667969
376,34,1,66.7039566040039,58.324745178222656
376,5,2,59.00548553466797,42.6177978515625
376,7,1,64.1440658569336,36.77363586425781
376,8,1,60.66950607299805,28.614713668823242
376,15,2,58.5507926940918,32.26261520385742
377,1,1,65.15177154541016,45.59434127807617
377,6,2,59.284114837646484,56.86164474487305
377,14,1,52.5511360168457,48.36751937866211
377,34,1,66.54383087158203,58.405818939208984
377,5,2,58.77265548706055,42.836448669433594
377,7,1,63.893333435058594,37.03980255126953
377,8,1,60.319217681884766,29.053028106689453
377,15,2,58.239444732666016,32.54303741455078
377,132,2,54.06922149658203,21.143278121948242
378,1,1,65.25749206542969,45.10530090332031
378,6,2,59.40011978149414,56.47114181518555
378,14,1,52.54011917114258,48.16083526611328
378,34,1,66.65780639648438,58.14055633544922
378,5,2,58.84565734863281,42.60372543334961
378,7,1,64.01509857177734,36.76942825317383
378,8,1,60.3504753112793,28.57662582397461
378,15,2,58.27146911621094,32.23004150390625
378,132,2,54.011348724365234,20.574377059936523
379,1,1,65.45088195800781,45.27812194824219
379,6,2,59.52935028076172,56.27500915527344
379,14,1,52.54977798461914,48.12156295776367
379,34,1,66.76142120361328,58.065940856933594
379,5,2,58.914546966552734,42.47345733642578
379,7,1,64.12479400634766,36.61961364746094
379,8,1,60.369327545166016,28.509614944458008
379,15,2,58.29948425292969,32.049415588378906
379,132,2,53.97724151611328,20.3313045501709
379,19,2,65.3274154663086,44.61203384399414
380,1,1,65.31525421142578,45.78287887573242
380,6,2,59.5170783996582,56.329654693603516
380,34,1,66.6217269897461,58.28111267089844
380,5,2,58.792423248291016,42.72190475463867
380,7,1,63.970741271972656,36.9141731262207
380,8,1,60.14124298095703,28.849937438964844
380,15,2,58.114471435546875,32.36493682861328
380,132,2,53.70676803588867,20.724586486816406
380,19,2,65.16761016845703,45.02998352050781
381,1,1,65.49649810791016,45.9178581237793
381,6,2,59.75602722167969,56.38469314575195
381,14,1,52.54661178588867,48.43077850341797
381,34,1,66.82282257080078,58.2661247253418
381,5,2,58.99762725830078,42.77274703979492
381,7,1,64.18992614746094,36.85765075683594
381,8,1,60.28279495239258,28.8914794921875
381,15,2,58.26152801513672,32.28544235229492
381,132,2,53.832481384277344,20.764923095703125
381,19,2,65.32711029052734,45.07135009765625
382,1,1,65.53433990478516,45.945499420166016
382,6,2,59.771488189697266,56.4019775390625
382,34,1,66.80150604248047,58.27571487426758
382,5,2,58.941246032714844,42.87582015991211
382,7,1,64.13866424560547,36.87236785888672
382,8,1,60.13697052001953,29.023862838745117
382,15,2,58.16124725341797,32.29240417480469
382,132,2,53.65533447265625,21.06911849975586
382,19,2,65.296630859375,44.902767181396484
383,1,1,65.39689636230469,46.04966354370117
383,6,2,59.71755599975586,56.4843635559082
383,34,1,66.7197494506836,58.35117721557617
383,5,2,58.80229187011719,42.892738342285156
383,7,1,63.9830322265625,36.89495086669922
383,8,1,59.90561294555664,29.172460556030273
383,15,2,57.93029022216797,32.30438995361328
383,132,2,53.34555435180664,21.080585479736328
383,19,2,65.11528778076172,45.00165557861328
384,1,1,65.49710845947266,45.86823654174805
384,6,2,59.82387161254883,56.363365173339844
384,34,1,66.87674713134766,58.242427825927734
384,5,2,58.875308990478516,42.78947067260742
384,7,1,64.09101867675781,36.663063049316406
384,8,1,59.91786575317383,29.008785247802734
384,15,2,57.938507080078125,32.152889251708984
384,132,2,53.31814193725586,20.882787704467773
384,19,2,65.25605773925781,44.730995178222656
385,1,1,65.44945526123047,45.86662292480469
385,6,2,59.80975341796875,56.429290771484375
385,34,1,66.82093048095703,58.423099517822266
385,5,2,58.79496765136719,43.061275482177734
385,7,1,64.06583404541016,36.78034210205078
385,8,1,59.74173355102539,29.37868309020996
385,15,2,57.813289642333984,32.380775451660156
385,132,2,53.1660041809082,21.17012596130371
385,19,2,65.17051696777344,44.90555191040039
386,1,1,65.296142578125,45.7363166809082
386,6,2,59.72768020629883,56.342525482177734
386,34,1,66.71299743652344,58.3942985534668
386,5,2,58.60862350463867,43.10618591308594
386,7,1,63.92032241821289,36.73878479003906
386,8,1,59.494224548339844,29.445148468017578
386,22,2,68.90494537353516,46.0166130065918
386,15,2,57.58831024169922,32.32234573364258
386,132,2,52.83146286010742,21.08673095703125
386,19,2,65.01493835449219,44.772342681884766
387,1,1,65.16070556640625,45.8277587890625
387,6,2,59.67448043823242,56.41554260253906
387,34,1,66.56424713134766,58.50792694091797
387,5,2,58.43940734863281,43.19486999511719
387,7,1,63.818355560302734,36.866966247558594
387,8,1,59.26665115356445,29.572172164916992
387,22,2,68.71871948242188,46.18962478637695
387,15,2,57.39713668823242,32.44408416748047
387,132,2,52.545806884765625,21.230655670166016
387,19,2,64.89652252197266,44.778560638427734
388,1,1,65.36518096923828,45.92290496826172
388,6,2,59.950042724609375,56.32027053833008
388,34,1,66.698486328125,58.57244110107422
388,5,2,58.64128112792969,43.19895935058594
388,7,1,64.1140365600586,36.88206100463867
388,8,1,59.48112106323242,29.563562393188477
388,22,2,68.94479370117188,46.199485778808594
388,15,2,57.60256576538086,32.43748092651367
388,132,2,52.71813201904297,21.204971313476562
388,19,2,65.13823699951172,44.60683822631836
389,1,1,65.21776580810547,45.9775505065918
389,6,2,59.90415954589844,56.24425506591797
389,34,1,66.59127044677734,58.54739761352539
389,5,2,58.4676513671875,43.34352493286133
389,7,1,64.02104949951172,36.96929168701172
389,8,1,59.299842834472656,29.520524978637695
389,22,2,68.83621215820312,46.17286682128906
389,15,2,57.476619720458984,32.405982971191406
389,19,2,65.0069580078125,44.57553482055664
390,1,1,65.06743621826172,45.9291877746582
390,6,2,59.866981506347656,56.096641540527344
390,34,1,66.5179214477539,58.45832443237305
390,5,2,58.36606216430664,43.2122917175293
390,7,1,63.922855377197266,36.927059173583984
390,8,1,59.141971588134766,29.462705612182617
390,22,2,68.72781372070312,46.13274002075195
390,15,2,57.40748977661133,32.24715042114258
390,19,2,64.85690307617188,44.61881637573242
391,1,1,64.98128509521484,45.97853469848633
391,6,2,59.8236198425293,56.199249267578125
391,34,1,66.498291015625,58.562286376953125
391,5,2,58.35973358154297,43.372249603271484
391,7,1,63.89794921875,37.00579071044922
391,8,1,59.044551849365234,29.54065704345703
391,22,2,68.67664337158203,46.37015151977539
391,15,2,57.35394287109375,32.44751739501953
391,19,2,64.77906799316406,44.9470100402832
392,1,1,64.74076080322266,46.279563903808594
392,6,2,59.69401550292969,56.423099517822266
392,34,1,66.39607238769531,58.783897399902344
392,5,2,58.222412109375,43.79696273803711
392,7,1,63.732879638671875,37.520755767822266
392,8,1,58.85184097290039,29.88352394104004
392,22,2,68.49810028076172,46.86469650268555
392,15,2,57.18971252441406,32.88758087158203
392,142,2,68.86241149902344,11.240111351013184
392,19,2,64.53976440429688,45.34809494018555
393,1,1,64.74530792236328,45.78241729736328
393,6,2,59.757320404052734,56.079715728759766
393,34,1,66.46353149414062,58.57575607299805
393,5,2,58.24687194824219,43.47177505493164
393,7,1,63.833763122558594,37.14118576049805
393,8,1,58.84623718261719,29.544160842895508
393,22,2,68.56620025634766,46.64583969116211
393,15,2,57.18811798095703,32.454345703125
393,142,2,68.90868377685547,10.33519458770752
394,1,1,64.67925262451172,45.73912048339844
394,6,2,59.78068161010742,55.99924850463867
394,34,1,66.4625015258789,58.61640167236328
394,5,2,58.221153259277344,43.61869812011719
394,7,1,63.951683044433594,37.23866271972656
394,8,1,58.83939743041992,29.757884979248047
394,22,2,68.54086303710938,46.78862762451172
394,15,2,57.20534133911133,32.41751480102539
394,142,2,68.87796020507812,10.062152862548828
395,1,1,64.32583618164062,46.11652374267578
395,6,2,59.560001373291016,56.276031494140625
395,34,1,66.21305084228516,58.93543243408203
395,5,2,57.93894958496094,44.289371490478516
395,7,1,63.6198616027832,37.946434020996094
395,8,1,58.5337028503418,30.34394645690918
395,22,2,68.2262191772461,47.25832748413086
395,15,2,56.912166595458984,33.081207275390625
396,1,1,64.34846496582031,45.93659973144531
396,6,2,59.63359069824219,55.96754837036133
396,34,1,66.25313568115234,58.81672668457031
396,5,2,57.966468811035156,44.10787582397461
396,7,1,63.70775604248047,37.62727737426758
396,8,1,58.60575866699219,29.964609146118164
396,22,2,68.322265625,47.00704574584961
396,15,2,56.950374603271484,32.72233963012695
396,142,2,68.42664337158203,10.1675443649292
397,1,1,64.29661560058594,45.93609619140625
397,6,2,59.663028717041016,55.852684020996094
397,34,1,66.24348449707031,58.760658264160156
397,5,2,57.97832489013672,44.12042236328125
397,7,1,63.650211334228516,37.62804412841797
397,8,1,58.60703659057617,29.851045608520508
397,22,2,68.29087829589844,47.010623931884766
397,15,2,56.93484878540039,32.49357223510742
397,142,2,68.34971618652344,9.97486686706543
398,1,1,64.12557983398438,45.47930908203125
398,6,2,59.501556396484375,55.70808029174805
398,34,1,66.01309967041016,58.729671478271484
398,5,2,57.78605651855469,44.10511016845703
398,7,1,63.494964599609375,37.40603256225586
398,8,1,58.3133430480957,29.69731330871582
398,22,2,68.07606506347656,46.990238189697266
398,15,2,56.66460037231445,32.47074890136719
398,142,2,67.96487426757812,9.54959487915039
398,19,2,63.85675048828125,45.958702087402344
399,1,1,64.25196838378906,45.5472297668457
399,6,2,59.63850021362305,55.70201873779297
399,34,1,66.13387298583984,58.783138275146484
399,5,2,57.908626556396484,44.44037628173828
399,7,1,63.746986389160156,37.398738861083984
399,8,1,58.43135452270508,29.910173416137695
399,22,2,68.21892547607422,47.14846420288086
399,15,2,56.82488250732422,32.43974304199219
399,142,2,68.05529022216797,9.863560676574707
399,19,2,63.8239631652832,46.1697883605957
400,1,1,63.743743896484375,45.245460510253906
400,6,2,59.18687057495117,55.66047668457031
400,34,1,65.68741607666016,58.67887878417969
400,5,2,57.38317108154297,44.581016540527344
400,7,1,63.19279098510742,37.26334762573242
400,8,1,57.76007843017578,30.003643035888672
400,22,2,67.68310546875,47.19597244262695
400,15,2,56.18817138671875,32.40577697753906
400,142,2,67.18280029296875,9.647713661193848
400,19,2,63.172889709472656,46.1942253112793
401,1,1,63.95891189575195,45.150146484375
401,6,2,59.369632720947266,55.662967681884766
401,34,1,65.86903381347656,58.68301010131836
401,5,2,57.66143798828125,44.76625442504883
401,7,1,63.487125396728516,37.37335968017578
401,8,1,58.01618576049805,29.98613166809082
401,22,2,67.85845184326172,47.44552230834961
401,15,2,56.45042037963867,32.5135383605957
401,142,2,67.38783264160156,9.980475425720215
401,19,2,63.27379608154297,46.34206771850586
402,1,1,64.2905044555664,44.54518127441406
402,6,2,59.63174057006836,55.237728118896484
402,34,1,66.155517578125,58.28820037841797
402,5,2,58.027313232421875,44.27463150024414
402,7,1,63.924190521240234,36.75353240966797
402,8,1,58.41011047363281,29.243757247924805
402,22,2,68.21529388427734,47.13664245605469
402,15,2,56.80210494995117,31.69369125366211
402,142,2,67.96282196044922,8.397343635559082
402,19,2,63.50946807861328,45.74191665649414
403,1,1,64.14775848388672,44.99396514892578
403,6,2,59.517120361328125,55.68362808227539
403,34,1,65.98036193847656,58.7578125
403,5,2,57.95857620239258,44.81359100341797
403,7,1,63.84420394897461,37.42923355102539
403,8,1,58.286903381347656,30.149404525756836
403,22,2,68.02896881103516,47.726806640625
403,15,2,56.69914627075195,32.54608154296875
403,142,2,67.7146987915039,9.413548469543457
403,19,2,63.27522659301758,46.24236297607422
404,1,1,63.988853454589844,44.89701461791992
404,6,2,59.3716926574707,55.54337692260742
404,34,1,65.83568572998047,58.74578094482422
404,5,2,57.83859634399414,44.72642517089844
404,7,1,63.74383544921875,37.440673828125
404,8,1,58.14296340942383,30.029632568359375
404,22,2,67.85501098632812,47.88807678222656
404,15,2,56.50954818725586,32.42264175415039
404,142,2,67.41889190673828,9.210943222045898
404,19,2,63.05631637573242,46.13569641113281
405,1,1,63.8930778503418,45.147098541259766
405,6,2,59.305137634277344,55.72150802612305
405,34,1,65.71881103515625,58.962860107421875
405,5,2,57.838043212890625,44.90006637573242
405,7,1,63.73239517211914,37.76435852050781
405,8,1,58.079872131347656,30.394845962524414
405,22,2,67.72696685791016,48.285667419433594
405,15,2,56.4222412109375,32.878509521484375
405,142,2,67.22613525390625,9.771281242370605
405,19,2,62.84148406982422,46.351314544677734
406,1,1,63.786041259765625,44.922523498535156
406,6,2,59.194923400878906,55.61919403076172
406,34,1,65.61983489990234,58.867637634277344
406,5,2,57.82273483276367,44.87586212158203
406,7,1,63.73064422607422,37.51859664916992
406,8,1,57.973018646240234,30.216144561767578
406,22,2,67.63285827636719,48.246238708496094
406,15,2,56.276214599609375,32.582828521728516
406,142,2,67.07958984375,9.089598655700684
406,19,2,62.629878997802734,46.113285064697266
407,1,1,63.584564208984375,44.871646881103516
407,6,2,58.980010986328125,55.632606506347656
407,34,1,65.45545959472656,58.82735061645508
407,5,2,57.65910720825195,45.0958366394043
407,7,1,63.55561447143555,37.47111892700195
407,8,1,57.745113372802734,30.029029846191406
407,22,2,67.41804504394531,48.36235427856445
407,15,2,56.0687370300293,32.52785873413086
407,142,2,66.7463150024414,8.798066139221191
407,19,2,62.31369400024414,46.12675476074219
408,1,1,63.092796325683594,44.90364456176758
408,6,2,58.53773498535156,55.63560485839844
408,34,1,65.04857635498047,58.771568298339844
408,5,2,57.245033264160156,45.39845657348633
408,7,1,63.06133270263672,37.53067398071289
408,156,1,68.59229278564453,43.391334533691406
408,8,1,57.160987854003906,29.969194412231445
408,22,2,66.99752807617188,48.230735778808594
408,15,2,55.5214729309082,32.59052276611328
408,142,2,65.96800231933594,8.735747337341309
408,19,2,61.731224060058594,45.87345504760742
409,1,1,63.59838104248047,45.09812927246094
409,6,2,58.941383361816406,55.719139099121094
409,34,1,65.49288940429688,58.863433837890625
409,5,2,57.827938079833984,45.60451889038086
409,7,1,63.6870002746582,37.76818084716797
409,8,1,57.804569244384766,30.10079002380371
409,22,2,67.54318237304688,48.25844192504883
409,15,2,56.16731643676758,32.72265625
409,142,2,66.71871948242188,8.888087272644043
409,19,2,62.11970520019531,45.95381546020508
410,1,1,63.241939544677734,44.710205078125
410,6,2,58.571109771728516,55.41947555541992
410,34,1,65.23825073242188,58.477867126464844
410,5,2,57.50624465942383,45.1510124206543
410,7,1,63.36526107788086,37.32136154174805
410,156,1,68.92410278320312,42.92403793334961
410,8,1,57.36262512207031,29.437963485717773
410,22,2,67.19408416748047,48.06197738647461
410,15,2,55.73017120361328,32.09893035888672
410,142,2,66.19844818115234,7.66051721572876
410,19,2,61.49867630004883,45.61020278930664
411,1,1,63.53659439086914,45.028564453125
411,6,2,58.76173782348633,55.89780807495117
411,34,1,65.4588851928711,58.757606506347656
411,5,2,57.827362060546875,45.72216033935547
411,7,1,63.65737533569336,38.020023345947266
411,8,1,57.72894287109375,30.259437561035156
411,22,2,67.38382720947266,48.59401321411133
411,15,2,56.049129486083984,32.86116027832031
411,142,2,66.47098541259766,8.710676193237305
411,19,2,61.69722366333008,45.98768615722656
412,1,1,63.663944244384766,45.166114807128906
412,6,2,58.82152557373047,55.988739013671875
412,34,1,65.57279968261719,58.673675537109375
412,5,2,57.9504508972168,45.938804626464844
412,7,1,63.82450485229492,38.29578399658203
412,8,1,57.928524017333984,30.58224868774414
412,22,2,67.43975067138672,48.875572204589844
412,15,2,56.17499542236328,33.15046691894531
412,142,2,66.52874755859375,8.973470687866211
412,19,2,61.645362854003906,46.43091583251953
413,1,1,63.489315032958984,45.0166015625
413,6,2,58.57154083251953,55.92095184326172
413,34,1,65.37753295898438,58.49553680419922
413,5,2,57.7472038269043,46.215354919433594
413,7,1,63.59762954711914,38.329322814941406
413,8,1,57.689918518066406,30.626911163330078
413,22,2,67.156494140625,48.96212387084961
413,15,2,55.90626525878906,33.06532669067383
413,142,2,66.0853042602539,8.832169532775879
413,19,2,61.273887634277344,46.59035110473633
414,1,1,63.739463806152344,45.00064468383789
414,6,2,58.71535110473633,55.967071533203125
414,14,1,52.583091735839844,49.779441833496094
414,34,1,65.51514434814453,58.478553771972656
414,5,2,57.99687576293945,46.45720291137695
414,7,1,63.880001068115234,38.5221061706543
414,8,1,58.01677322387695,30.725740432739258
414,22,2,67.29816436767578,49.1778450012207
414,15,2,56.158180236816406,33.38163375854492
414,142,2,66.40037536621094,8.745039939880371
414,19,2,61.33826446533203,46.8814811706543
415,1,1,63.78176498413086,45.009212493896484
415,6,2,58.697654724121094,55.96345901489258
415,14,1,52.675689697265625,49.87223434448242
415,34,1,65.49395751953125,58.351375579833984
415,5,2,58.0767707824707,46.30455780029297
415,7,1,63.94447708129883,38.42769241333008
415,8,1,58.066524505615234,30.735734939575195
415,22,2,67.25806427001953,49.33405303955078
415,15,2,56.14980697631836,33.49673843383789
415,142,2,66.36866760253906,8.738762855529785
415,19,2,61.24322509765625,46.946964263916016
416,1,1,63.78176498413086,45.009212493896484
416,6,2,58.662261962890625,55.95623779296875
416,14,1,52.79004669189453,49.895503997802734
416,34,1,65.45907592773438,58.34425354003906
416,5,2,58.138031005859375,46.316986083984375
416,7,1,64.01361846923828,38.44164276123047
416,8,1,58.055091857910156,30.858837127685547
416,22,2,67.23809051513672,49.41188430786133
416,15,2,56.173770904541016,33.50156021118164
416,142,2,66.33695983886719,8.732486724853516
416,19,2,61.16311264038086,47.18379592895508
417,1,1,63.78176498413086,45.009212493896484
417,6,2,58.644569396972656,55.9526252746582
417,14,1,52.9044075012207,49.91876983642578
417,34,1,65.47460174560547,58.28581237792969
417,5,2,58.18975067138672,46.412010192871094
417,7,1,64.078369140625,38.34699630737305
417,8,1,58.093299865722656,30.991552352905273
417,22,2,67.27830505371094,49.42005157470703
417,15,2,56.19773483276367,33.506385803222656
417,142,2,66.30525207519531,8.72620964050293
417,19,2,61.10941696166992,47.256866455078125
418,1,1,63.760616302490234,45.00492858886719
418,6,2,58.63560104370117,55.8871955871582
418,14,1,52.99971389770508,49.93816375732422
418,34,1,65.49205780029297,58.28937911987305
418,5,2,58.25094223022461,46.42442321777344
418,7,1,64.12452697753906,38.35630416870117
418,8,1,58.14291000366211,31.001522064208984
418,22,2,67.27830505371094,49.42005157470703
418,15,2,56.245662689208984,33.51603317260742
418,142,2,66.24391174316406,8.917076110839844
418,19,2,61.08907699584961,47.25273895263672
419,1,1,63.760616302490234,45.00492858886719
419,6,2,58.63560104370117,55.8871955871582
419,14,1,53.072715759277344,50.02680969238281
419,34,1,65.50951385498047,58.29294204711914
419,5,2,58.3325309753418,46.44097900390625
419,7,1,64.19376373291016,38.37027359008789
419,8,1,58.20570373535156,31.13882064819336
419,22,2,67.29850006103516,49.5058479309082
419,15,2,56.2935905456543,33.52568435668945
419,142,2,66.21438598632812,9.113495826721191
419,19,2,61.0761604309082,47.33388137817383
420,1,1,63.760616302490234,45.00492858886719
420,6,2,58.653316497802734,55.890811920166016
420,14,1,53.18695831298828,50.05005645751953
420,34,1,65.52696990966797,58.2965087890625
420,5,2,58.363590240478516,46.531612396240234
420,7,1,64.32408905029297,38.18027114868164
420,8,1,58.329551696777344,31.163711547851562
420,22,2,67.31864929199219,49.59144592285156
420,15,2,56.31755447387695,33.5305061340332
420,142,2,66.21438598632812,9.113495826721191
420,19,2,61.08907699584961,47.25273895263672
421,1,1,63.65797424316406,44.9727897644043
421,6,2,58.593116760253906,55.80680847167969
421,14,1,53.188316345214844,50.04110336303711
421,34,1,65.45801544189453,58.212955474853516
421,5,2,58.30467987060547,46.50911331176758
421,7,1,64.3044662475586,38.16273498535156
421,8,1,58.24626159667969,31.255752563476562
421,22,2,67.18212127685547,49.71601867675781
421,15,2,56.19997024536133,33.49223327636719
421,142,2,66.03005981445312,9.051717758178711
421,19,2,60.969642639160156,47.21800231933594
422,1,1,63.80291748046875,45.01349639892578
422,6,2,58.733009338378906,55.84334182739258
422,14,1,53.41545104980469,50.09654998779297
422,34,1,65.59320068359375,58.186431884765625
422,5,2,58.50620651245117,46.560546875
422,7,1,64.56305694580078,38.44477081298828
422,8,1,58.46619415283203,31.31549835205078
422,22,2,67.2789535522461,49.90752029418945
422,15,2,56.38076400756836,33.659698486328125
422,142,2,66.24597930908203,9.1197509765625
422,19,2,61.0761604309082,47.33388137817383
423,1,1,63.84522247314453,45.02206802368164
423,6,2,58.80393981933594,55.85781478881836
423,14,1,53.56400680541992,50.20041275024414
423,34,1,65.67550659179688,58.01689910888672
423,5,2,58.64883041381836,46.58948516845703
423,7,1,64.68565368652344,38.68465042114258
423,8,1,58.528350830078125,31.451963424682617
423,22,2,67.25923919677734,50.0644645690918
423,15,2,56.39600372314453,33.778907775878906
423,142,2,66.24597930908203,9.1197509765625
423,19,2,61.08907699584961,47.25273895263672
424,1,1,63.9044303894043,44.94334030151367
424,6,2,58.883872985839844,55.810264587402344
424,14,1,53.6854248046875,50.44505310058594
424,34,1,65.77754974365234,57.912864685058594
424,5,2,58.750709533691406,46.61015701293945
424,7,1,64.78118896484375,38.811073303222656
424,8,1,58.57775115966797,31.46189308166504
424,22,2,67.2991714477539,50.15277099609375
424,15,2,56.44379806518555,33.78853225708008
424,142,2,66.24803161621094,9.321685791015625
424,19,2,61.08165740966797,47.16727066040039
425,1,1,63.9467887878418,44.95191955566406
425,6,2,58.93712615966797,55.821128845214844
425,14,1,53.81006622314453,50.61623764038086
425,34,1,65.88152313232422,57.87146759033203
425,5,2,58.81183624267578,46.62255859375
425,7,1,64.8928451538086,38.7264518737793
425,8,1,58.60245132446289,31.46685791015625
425,22,2,67.33905029296875,50.32070541381836
425,15,2,56.50666046142578,33.91701126098633
425,142,2,66.24803161621094,9.321685791015625
425,19,2,61.03553009033203,47.32563781738281
426,1,1,63.95098876953125,45.04349136352539
426,6,2,58.973087310791016,55.70034408569336
426,14,1,53.90465545654297,50.63549041748047
426,34,1,65.96952819824219,57.889434814453125
426,5,2,58.893341064453125,46.63909912109375
426,7,1,64.8994369506836,38.94179153442383
426,8,1,58.61499786376953,31.592994689941406
426,22,2,67.35893249511719,50.483848571777344
426,15,2,56.55439376831055,33.9266242980957
426,142,2,66.24803161621094,9.321685791015625
426,19,2,60.96935272216797,47.47914505004883
427,1,1,63.95098876953125,45.04349136352539
427,6,2,59.0178337097168,55.64521026611328
427,14,1,54.0413703918457,50.590484619140625
427,34,1,66.03857421875,57.84077453613281
427,5,2,58.954471588134766,46.6515007019043
427,7,1,64.98811340332031,38.852821350097656
427,8,1,58.676551818847656,31.481752395629883
427,22,2,67.33919525146484,50.638214111328125
427,15,2,56.60212326049805,33.93623352050781
427,142,2,66.25008392333984,9.522883415222168
427,19,2,60.936378479003906,47.555625915527344
428,1,1,63.97214126586914,45.04777526855469
428,6,2,59.05344772338867,55.6524772644043
428,14,1,54.136070251464844,50.60975646972656
428,34,1,66.07381439208984,57.84796905517578
428,5,2,59.02611541748047,46.58169937133789
428,7,1,65.1230697631836,38.77290344238281
428,8,1,58.77535629272461,31.501611709594727
428,22,2,67.29998779296875,50.944828033447266
428,15,2,56.64085006713867,34.05953598022461
428,142,2,66.25008392333984,9.522883415222168
428,19,2,60.91106033325195,47.71624755859375
429,1,1,63.97214126586914,45.04777526855469
429,6,2,59.11614990234375,55.60087585449219
429,14,1,54.21183395385742,50.62517547607422
429,34,1,66.17587280273438,57.679771423339844
429,5,2,59.0661735534668,46.758304595947266
429,7,1,65.19794464111328,39.00202560424805
429,8,1,58.886322021484375,31.647537231445312
429,22,2,67.35903930664062,51.1130485534668
429,15,2,56.631866455078125,34.172908782958984
429,142,2,66.28353881835938,9.729571342468262
429,19,2,60.85810089111328,47.7880859375
430,1,1,63.76944351196289,45.02217102050781
430,6,2,59.04451370239258,55.53274917602539
430,14,1,54.112274169921875,50.54438400268555
430,34,1,66.12726593017578,57.55400848388672
430,5,2,58.963443756103516,46.83570098876953
430,7,1,65.02977752685547,39.199073791503906
430,8,1,58.774505615234375,31.646108627319336
430,22,2,67.24891662597656,51.18177032470703
430,15,2,56.39689636230469,34.260009765625
430,142,2,66.01321411132812,9.710071563720703
430,19,2,60.632972717285156,47.83881759643555
431,1,1,63.69118118286133,44.980995178222656
431,6,2,59.0749397277832,55.58544921875
431,14,1,54.13396453857422,50.528377532958984
431,34,1,66.18518829345703,57.48455047607422
431,5,2,58.977867126464844,46.89896011352539
431,7,1,64.99446868896484,39.26832580566406
431,8,1,58.7552490234375,31.607742309570312
431,22,2,67.23645782470703,51.235191345214844
431,15,2,56.321353912353516,34.32732009887695
431,142,2,65.89810943603516,9.631468772888184
431,19,2,60.54523468017578,47.88022994995117
432,1,1,63.91292190551758,45.126277923583984
432,6,2,59.31223678588867,55.6408805847168
432,14,1,54.43912887573242,50.67143630981445
432,34,1,66.50816345214844,57.49372482299805
432,5,2,59.288795471191406,46.971168518066406
432,7,1,65.31822204589844,39.23917770385742
432,8,1,59.021602630615234,31.79800033569336
432,22,2,67.49617004394531,51.29642868041992
432,15,2,56.613975524902344,34.398719787597656
432,142,2,66.220703125,9.717124938964844
432,19,2,60.720069885253906,48.006675720214844
433,1,1,63.736751556396484,45.04411697387695
433,6,2,59.18745422363281,55.64674377441406
433,14,1,54.365943908691406,50.69197082519531
433,34,1,66.46809387207031,57.452781677246094
433,5,2,59.17761993408203,46.90559768676758
433,7,1,65.30052947998047,38.753536224365234
433,8,1,58.84941864013672,31.823183059692383
433,22,2,67.41338348388672,51.161956787109375
433,15,2,56.43462371826172,34.30377197265625
433,142,2,65.9608154296875,9.562935829162598
433,19,2,60.53840637207031,48.00959014892578
434,1,1,63.653202056884766,45.08893585205078
434,6,2,59.14653396606445,55.746578216552734
434,14,1,54.44475555419922,50.830360412597656
434,34,1,66.46696472167969,57.49608612060547
434,5,2,59.17253494262695,46.87799835205078
434,7,1,65.34075164794922,38.61988067626953
434,8,1,58.78150177001953,31.893383026123047
434,22,2,67.39179229736328,51.21068572998047
434,15,2,56.38648223876953,34.48640060424805
434,142,2,65.83382415771484,9.674225807189941
434,19,2,60.481624603271484,48.053890228271484
435,1,1,63.88753128051758,45.030635833740234
435,6,2,59.35492706298828,55.842384338378906
435,14,1,54.751014709472656,50.880428314208984
435,34,1,66.73825073242188,57.47687911987305
435,5,2,59.412193298339844,46.82851791381836
435,7,1,65.53995513916016,38.964168548583984
435,8,1,59.082706451416016,31.933202743530273
435,22,2,67.67279052734375,51.254661560058594
435,15,2,56.652469635009766,34.52070617675781
435,142,2,66.12645721435547,9.698454856872559
435,19,2,60.675376892089844,48.161048889160156
436,1,1,63.7153205871582,45.03334426879883
436,6,2,59.23831558227539,55.909114837646484
436,14,1,54.67188262939453,50.966896057128906
436,34,1,66.68045806884766,57.427711486816406
436,5,2,59.30017852783203,46.756595611572266
436,7,1,65.31410217285156,39.28239059448242
436,8,1,58.9099006652832,31.949378967285156
436,22,2,67.5697021484375,51.420982360839844
436,15,2,56.472354888916016,34.41764831542969
436,142,2,65.83767700195312,9.724078178405762
436,19,2,60.53370666503906,48.16611099243164
437,1,1,63.84522247314453,45.02206802368164
437,6,2,59.424625396728516,55.984474182128906
437,14,1,54.84036636352539,50.971134185791016
437,34,1,66.89767456054688,57.44548416137695
437,5,2,59.47325897216797,46.84090805053711
437,7,1,65.44042205810547,39.581058502197266
437,8,1,59.081764221191406,32.177799224853516
437,22,2,67.84765625,51.52268981933594
437,15,2,56.605064392089844,34.51115798950195
437,142,2,66.03221130371094,9.67978572845459
437,19,2,60.695430755615234,48.16511917114258
438,1,1,63.22906494140625,44.94053649902344
438,6,2,59.02561950683594,55.86973190307617
438,14,1,54.35165023803711,50.90626525878906
438,34,1,66.41650390625,57.56906509399414
438,5,2,58.923458099365234,46.76949691772461
438,7,1,64.80113983154297,39.60736846923828
438,8,1,58.40786361694336,32.2222785949707
438,22,2,67.43241119384766,51.47517395019531
438,15,2,55.89577865600586,34.42277145385742
438,142,2,65.0841293334961,9.5873441696167
438,19,2,60.10142517089844,48.16480255126953
439,1,1,63.684085845947266,44.84358215332031
439,6,2,59.4680290222168,55.954612731933594
439,14,1,54.783966064453125,50.98815155029297
439,34,1,66.91171264648438,57.60114669799805
439,5,2,59.43064880371094,46.86532211303711
439,7,1,65.32656860351562,39.80936813354492
439,8,1,58.98161697387695,32.205665588378906
439,22,2,67.95995330810547,51.49864959716797
439,15,2,56.39979553222656,34.400569915771484
439,142,2,65.80194854736328,9.51294231414795
439,19,2,60.50849533081055,48.321773529052734
440,1,1,63.6226806640625,44.9686393737793
440,6,2,59.495567321777344,55.92919158935547
440,14,1,54.79545211791992,51.171966552734375
440,34,1,66.97927856445312,57.71121597290039
440,5,2,59.491859436035156,46.92090606689453
440,7,1,65.39358520507812,39.9810676574707
440,8,1,58.969642639160156,32.38746643066406
440,22,2,67.9747314453125,51.54140853881836
440,15,2,56.369911193847656,34.56722640991211
440,142,2,65.73644256591797,9.802191734313965
440,19,2,60.44810485839844,48.3511848449707
441,1,1,63.567405700683594,44.50580596923828
441,6,2,59.5091438293457,55.548919677734375
441,14,1,54.773956298828125,50.809120178222656
441,34,1,67.18128967285156,57.3078498840332
441,5,2,59.5483512878418,46.429561614990234
441,7,1,65.52618408203125,39.38236618041992
441,8,1,58.94717788696289,31.53053855895996
441,22,2,68.06697845458984,51.09714889526367
441,15,2,56.29065704345703,33.8682746887207
441,142,2,65.79716491699219,8.616409301757812
441,19,2,60.397666931152344,47.937503814697266
442,1,1,63.32709503173828,45.026573181152344
442,6,2,59.37833786010742,55.8606071472168
442,14,1,54.676509857177734,51.24134063720703
442,34,1,67.0623779296875,57.62019729614258
442,5,2,59.398292541503906,46.84333801269531
442,7,1,65.34266662597656,40.002262115478516
442,8,1,58.72184753417969,32.131046295166016
442,22,2,67.85075378417969,51.693572998046875
442,15,2,56.08395004272461,34.543975830078125
442,142,2,65.41161346435547,9.598767280578613
442,19,2,60.18525314331055,48.322261810302734
443,1,1,63.46641159057617,45.1350212097168
443,6,2,59.54275131225586,56.014892578125
443,14,1,54.87367630004883,51.48819351196289
443,34,1,67.22925567626953,57.710838317871094
443,5,2,59.54589080810547,47.031620025634766
443,7,1,65.6009292602539,40.0428466796875
443,8,1,58.91386795043945,32.27794647216797
443,22,2,68.01161193847656,52.023834228515625
443,15,2,56.29610824584961,34.68766403198242
443,142,2,65.55915832519531,10.201406478881836
443,19,2,60.32843017578125,48.50387191772461
444,1,1,63.05497360229492,45.04792404174805
444,6,2,59.2665901184082,56.08321762084961
444,14,1,54.5780029296875,51.496280670166016
444,34,1,66.98919677734375,57.531761169433594
444,5,2,59.1902961730957,46.955989837646484
444,7,1,65.22377014160156,39.858036041259766
444,8,1,58.484989166259766,32.186649322509766
444,22,2,67.80795288085938,51.9792594909668
444,15,2,55.90570068359375,34.60430145263672
444,142,2,64.89216613769531,10.258136749267578
444,19,2,59.95945358276367,48.42558670043945
445,1,1,63.3132438659668,45.06681823730469
445,6,2,59.641143798828125,56.1360969543457
445,14,1,54.89215087890625,51.605010986328125
445,34,1,67.36819458007812,57.457340240478516
445,5,2,59.57020568847656,46.91825866699219
445,7,1,65.57355499267578,39.99435043334961
445,8,1,58.855899810791016,32.216121673583984
445,22,2,68.28060913085938,52.047119140625
445,15,2,56.3011589050293,34.75529861450195
445,142,2,65.33757019042969,10.273438453674316
445,19,2,60.25027084350586,48.53532791137695
446,1,1,63.239990234375,45.08195114135742
446,6,2,59.740238189697266,56.17744064331055
446,14,1,54.905059814453125,51.63125228881836
446,34,1,67.42962646484375,57.49119567871094
446,5,2,59.57127380371094,47.030094146728516
446,7,1,65.56185150146484,40.02663803100586
446,8,1,58.80962371826172,32.36878967285156
446,22,2,68.32782745361328,52.082054138183594
446,15,2,56.23765182495117,34.893089294433594
446,142,2,65.20083618164062,10.508200645446777
446,19,2,60.24205017089844,48.560386657714844
447,1,1,63.193214416503906,45.092987060546875
447,6,2,59.7725944519043,56.19850158691406
447,14,1,54.90822219848633,51.576988220214844
447,34,1,67.56698608398438,57.59784698486328
447,5,2,59.57701110839844,47.13379669189453
447,7,1,65.57889556884766,40.05379104614258
447,8,1,58.81785583496094,32.519142150878906
447,22,2,68.38279724121094,51.95791244506836
447,15,2,56.18757629394531,34.908668518066406
447,142,2,65.13102722167969,10.538970947265625
447,19,2,60.22684097290039,48.655853271484375
448,1,1,62.98716354370117,44.6696891784668
448,6,2,59.60276794433594,55.89512252807617
448,14,1,54.72001647949219,51.30928039550781
448,34,1,67.4837875366211,57.374671936035156
448,5,2,59.40167999267578,46.745094299316406
448,7,1,65.39590454101562,39.68081283569336
448,8,1,58.60200500488281,31.9632625579834
448,22,2,68.35665130615234,51.47396469116211
448,15,2,55.892948150634766,34.37157440185547
448,142,2,64.8411865234375,9.649892807006836
448,19,2,60.018157958984375,48.27407455444336
449,1,1,63.157814025878906,44.97303771972656
449,6,2,59.75415802001953,56.24235534667969
449,14,1,54.89269256591797,51.627159118652344
449,34,1,67.7383041381836,57.616825103759766
449,5,2,59.60771942138672,47.11919021606445
449,7,1,65.55193328857422,40.2302131652832
449,8,1,58.830142974853516,32.49140167236328
449,22,2,68.57176208496094,51.90059280395508
449,15,2,56.080684661865234,34.85895919799805
449,142,2,65.02503204345703,10.469010353088379
449,19,2,60.14936447143555,48.53977966308594
450,1,1,62.8751335144043,45.03048324584961
450,6,2,59.47700881958008,56.3294792175293
450,14,1,54.6026496887207,51.58736038208008
450,34,1,67.51206970214844,57.588016510009766
450,5,2,59.311832427978516,47.08177185058594
450,7,1,65.21968078613281,40.19123077392578
450,8,1,58.4498176574707,32.447715759277344
450,22,2,68.40168762207031,51.88681411743164
450,15,2,55.65998458862305,34.9173583984375
450,142,2,64.47514343261719,10.41317081451416
450,19,2,59.79902648925781,48.49042510986328
451,1,1,63.21234130859375,45.0755500793457
451,6,2,59.69349670410156,56.5462532043457
451,14,1,54.82438659667969,51.61419677734375
451,34,1,67.72613525390625,57.67912673950195
451,5,2,59.5741081237793,47.11347961425781
451,7,1,65.53695678710938,40.22856903076172
451,8,1,58.69200897216797,32.465232849121094
451,22,2,68.7926025390625,51.94651412963867
451,15,2,55.9080696105957,35.050697326660156
451,142,2,64.7865982055664,10.424358367919922
451,19,2,59.976985931396484,48.505836486816406
452,1,1,63.269325256347656,45.08613204956055
452,6,2,59.774070739746094,56.68730926513672
452,14,1,54.794952392578125,51.67839813232422
452,34,1,67.73826599121094,57.74472427368164
452,5,2,59.545841217041016,47.27336502075195
452,7,1,65.57549285888672,40.2352409362793
452,8,1,58.66021728515625,32.457550048828125
452,22,2,68.92147827148438,52.048526763916016
452,15,2,55.87743377685547,35.04332733154297
452,142,2,64.71508026123047,10.40809440612793
452,19,2,59.97099304199219,48.503761291503906
453,1,1,63.15434265136719,44.98807907104492
453,6,2,59.726173400878906,56.75068283081055
453,14,1,54.60110855102539,51.72185516357422
453,34,1,67.64533233642578,57.672916412353516
453,5,2,59.350914001464844,47.16493225097656
453,7,1,65.4319839477539,40.12029266357422
453,8,1,58.43656539916992,32.43332290649414
453,22,2,68.85798645019531,52.04875564575195
453,15,2,55.702232360839844,35.13926696777344
453,142,2,64.34033966064453,10.563037872314453
453,19,2,59.78837203979492,48.480464935302734
454,1,1,63.239036560058594,45.184688568115234
454,6,2,59.89095687866211,56.90824890136719
454,14,1,54.709144592285156,51.672462463378906
454,34,1,67.76102447509766,57.75974655151367
454,5,2,59.44103240966797,47.348548889160156
454,7,1,65.5370864868164,40.24436569213867
454,8,1,58.547706604003906,32.69581985473633
454,22,2,68.98149108886719,52.225887298583984
454,15,2,55.76203155517578,35.48450469970703
454,142,2,64.39327239990234,10.766708374023438
454,19,2,59.875938415527344,48.65791320800781
455,1,1,62.8504524230957,45.65693283081055
455,6,2,59.62340545654297,57.23476791381836
455,14,1,54.43968200683594,51.77132797241211
455,34,1,67.4222640991211,58.1444206237793
455,5,2,59.10593795776367,47.70660400390625
455,7,1,65.14347076416016,40.697513580322266
455,8,1,58.13977813720703,33.34992218017578
455,22,2,68.61795806884766,52.843719482421875
455,15,2,55.3843994140625,35.868919372558594
455,142,2,63.74312973022461,11.635226249694824
455,19,2,59.612098693847656,49.09480667114258
456,1,1,62.850563049316406,45.20743179321289
456,6,2,59.69822311401367,56.690128326416016
456,14,1,54.48270797729492,51.20781326293945
456,34,1,67.64169311523438,57.67991256713867
456,5,2,59.113773345947266,47.37560272216797
456,7,1,65.26081085205078,39.785518646240234
456,8,1,58.16465759277344,32.3932991027832
456,22,2,68.78749084472656,52.424034118652344
456,15,2,55.331111907958984,34.9660758972168
456,142,2,63.7629280090332,10.080557823181152
456,19,2,59.665977478027344,48.46535110473633
457,1,1,63.32063674926758,45.92874526977539
457,6,2,60.21072769165039,57.16999435424805
457,14,1,54.9964714050293,52.16543960571289
457,34,1,68.14663696289062,58.166316986083984
457,5,2,59.67549514770508,48.06673812866211
457,7,1,65.83460998535156,40.52899932861328
457,8,1,58.8281135559082,33.36985397338867
457,15,2,55.98149108886719,35.76911544799805
457,142,2,64.47555541992188,11.588831901550293
457,19,2,60.19916534423828,48.97649383544922
458,1,1,63.36738586425781,45.43088150024414
458,6,2,60.32658386230469,56.901161193847656
458,14,1,55.005104064941406,51.76505661010742
458,34,1,68.32311248779297,57.71194839477539
458,5,2,59.77898406982422,47.45493698120117
458,7,1,65.99146270751953,39.75742721557617
458,8,1,58.895164489746094,32.458709716796875
458,15,2,56.039608001708984,34.92079544067383
458,142,2,64.55155944824219,10.300986289978027
458,19,2,60.246253967285156,48.36772918701172
459,1,1,63.064369201660156,45.76689529418945
459,6,2,60.19194412231445,57.151023864746094
459,14,1,54.720298767089844,52.02201843261719
459,34,1,68.04405212402344,57.87657165527344
459,5,2,59.539146423339844,47.527801513671875
459,7,1,65.66776275634766,40.055442810058594
459,8,1,58.510128021240234,32.799705505371094
459,15,2,55.681968688964844,35.237850189208984
459,142,2,63.939579010009766,11.050501823425293
459,19,2,59.914634704589844,48.660003662109375
459,197,2,59.613739013671875,48.03426742553711
460,1,1,62.790767669677734,45.6318244934082
460,6,2,60.038108825683594,57.12580490112305
460,14,1,54.36724090576172,52.3056526184082
460,34,1,67.78048706054688,57.829158782958984
460,5,2,59.17803955078125,47.790985107421875
460,7,1,65.3109130859375,40.09786605834961
460,8,1,58.08848571777344,32.606834411621094
460,15,2,55.25815200805664,35.274986267089844
460,142,2,63.35784149169922,10.95450496673584
460,19,2,59.54997634887695,48.673851013183594
460,197,2,59.21492385864258,48.28510665893555
461,1,1,63.08535385131836,45.69022750854492
461,6,2,60.318748474121094,57.18219757080078
461,14,1,54.51618194580078,52.61111831665039
461,34,1,68.03036499023438,57.87921905517578
461,5,2,59.3896598815918,47.914329528808594
461,7,1,65.60746765136719,40.15621566772461
461,8,1,58.322357177734375,32.772193908691406
461,15,2,55.54816436767578,35.22042465209961
461,142,2,63.57668685913086,10.995063781738281
461,19,2,59.75000762939453,48.713314056396484
462,1,1,63.09198760986328,45.79724884033203
462,6,2,60.372833251953125,57.20525360107422
462,14,1,54.50525665283203,52.82774353027344
462,34,1,68.08306121826172,57.96583938598633
462,5,2,59.391883850097656,47.930633544921875
462,7,1,65.65369415283203,40.185760498046875
462,8,1,58.32534408569336,32.796119689941406
462,15,2,55.544429779052734,35.35269546508789
462,142,2,63.492984771728516,11.208669662475586
462,19,2,59.859928131103516,48.83085250854492
463,1,1,63.10277557373047,45.62379837036133
463,6,2,60.42881393432617,57.094032287597656
463,14,1,54.46436309814453,52.888736724853516
463,34,1,68.10014343261719,58.03373718261719
463,5,2,59.384376525878906,47.68526077270508
463,7,1,65.65164184570312,40.08308792114258
463,8,1,58.2642936706543,32.665809631347656
463,15,2,55.49808120727539,35.345191955566406
463,142,2,63.339263916015625,11.181361198425293
463,19,2,59.86883544921875,48.913475036621094
464,1,1,63.132240295410156,45.351837158203125
464,6,2,60.46598434448242,57.09423065185547
464,14,1,54.43385314941406,52.80617904663086
464,34,1,68.2466812133789,57.929203033447266
464,5,2,59.378910064697266,47.4273796081543
464,7,1,65.67130279541016,39.76097106933594
464,8,1,58.241214752197266,32.40571212768555
464,15,2,55.47517395019531,34.99234390258789
464,142,2,63.24394607543945,10.946818351745605
464,19,2,59.882450103759766,48.82725143432617
465,1,1,63.51691436767578,45.481449127197266
465,6,2,60.8641242980957,57.27316665649414
465,14,1,54.71984100341797,52.903907775878906
465,34,1,68.64051055908203,57.98273468017578
465,5,2,59.71952438354492,47.62665939331055
465,7,1,66.08457946777344,39.800071716308594
465,8,1,58.72856140136719,32.452674865722656
465,15,2,55.84081268310547,35.13077926635742
465,142,2,63.716285705566406,11.151960372924805
465,19,2,60.24732208251953,48.94736099243164
466,1,1,63.56795883178711,45.71245193481445
466,6,2,60.97836685180664,57.5718994140625
466,14,1,54.755863189697266,53.01189422607422
466,34,1,68.70602416992188,58.153385162353516
466,5,2,59.819637298583984,47.85036849975586
466,7,1,66.15269470214844,39.96883773803711
466,8,1,58.829002380371094,32.771793365478516
466,15,2,55.88469314575195,35.30473327636719
466,142,2,63.753116607666016,11.443254470825195
466,19,2,60.30830764770508,48.99772644042969
467,1,1,62.72260284423828,46.74448013305664
467,6,2,60.36162567138672,58.278141021728516
467,14,1,54.03881072998047,53.72311782836914
467,34,1,67.86566162109375,58.84219741821289
467,5,2,58.998382568359375,48.714298248291016
467,7,1,65.07779693603516,41.16868591308594
467,8,1,57.830657958984375,34.08005905151367
467,15,2,54.97345733642578,36.521671295166016
467,142,2,62.30609130859375,13.733699798583984
467,19,2,59.44243240356445,49.89925003051758
467,120,1,68.66299438476562,22.619749069213867
468,1,1,63.540531158447266,46.1204833984375
468,6,2,61.0998420715332,57.82148742675781
468,14,1,54.602928161621094,53.162757873535156
468,34,1,68.55016326904297,58.54191970825195
468,5,2,59.704898834228516,48.12736892700195
468,7,1,65.94879913330078,40.415096282958984
468,8,1,58.58603286743164,33.0444450378418
468,15,2,55.70819854736328,35.56741714477539
468,142,2,63.368743896484375,12.06857681274414
468,19,2,60.12580108642578,49.17323303222656
469,1,1,63.6170654296875,46.233154296875
469,6,2,61.17730712890625,57.84389114379883
469,14,1,54.571163177490234,53.23112106323242
469,34,1,68.53772735595703,58.6707649230957
469,5,2,59.69456100463867,48.134056091308594
469,7,1,65.96067810058594,40.531925201416016
469,8,1,58.56181716918945,33.17158508300781
469,15,2,55.689205169677734,35.68606948852539
469,142,2,63.267860412597656,12.257766723632812
469,19,2,60.095829010009766,49.175689697265625
470,1,1,63.42875289916992,46.11642074584961
470,6,2,61.01193618774414,57.694671630859375
470,14,1,54.29762649536133,53.24971008300781
470,34,1,68.32975769042969,58.63474655151367
470,5,2,59.37704086303711,48.23980712890625
470,7,1,65.69116973876953,40.38497543334961
470,8,1,58.21493911743164,32.995052337646484
470,15,2,55.391334533691406,35.637451171875
470,142,2,62.799583435058594,11.806363105773926
470,19,2,59.88523483276367,48.98292922973633
471,1,1,62.96038818359375,46.008819580078125
471,6,2,60.67329788208008,57.6167106628418
471,14,1,53.806251525878906,53.2741584777832
471,34,1,67.9166488647461,58.7274284362793
471,5,2,58.87742614746094,48.20735168457031
471,7,1,65.1633529663086,40.36671829223633
471,8,1,57.609432220458984,32.97511672973633
471,15,2,54.83571243286133,35.619720458984375
471,142,2,61.97697830200195,11.993905067443848
471,19,2,59.468624114990234,48.966041564941406
471,120,1,68.4800796508789,21.143817901611328
472,1,1,63.39594650268555,45.94990539550781
472,6,2,61.149112701416016,57.73377990722656
472,14,1,54.139076232910156,53.430763244628906
472,34,1,68.37635040283203,58.8414421081543
472,5,2,59.295806884765625,48.23799133300781
472,7,1,65.6202392578125,40.389442443847656
472,8,1,58.09231185913086,32.99205780029297
472,15,2,55.34402084350586,35.647972106933594
472,142,2,62.47715377807617,12.154587745666504
472,19,2,59.97122573852539,49.09394454956055
473,1,1,63.18672561645508,45.78803634643555
473,6,2,61.03062057495117,57.688018798828125
473,14,1,53.85322189331055,53.28190231323242
473,34,1,68.22628021240234,58.66508102416992
473,5,2,59.029415130615234,48.07450866699219
473,7,1,65.36967468261719,39.990943908691406
473,8,1,57.80133056640625,32.65214538574219
473,15,2,55.03214645385742,35.32478332519531
473,142,2,62.037391662597656,11.622564315795898
473,19,2,59.81856155395508,48.876407623291016
473,120,1,68.6734848022461,20.690202713012695
474,1,1,63.32048416137695,46.2280387878418
474,6,2,61.283992767333984,57.96449279785156
474,14,1,53.97942352294922,53.620872497558594
474,34,1,68.406005859375,58.744991302490234
474,5,2,59.18083190917969,48.32286071777344
474,7,1,65.53939056396484,40.20162582397461
474,8,1,57.99014663696289,33.012393951416016
474,15,2,55.17721939086914,35.65217971801758
474,142,2,62.142051696777344,12.3402681350708
474,19,2,60.014068603515625,49.20866394042969
474,120,1,68.7611083984375,21.1463680267334
475,1,1,63.35905838012695,46.12077713012695
475,6,2,61.44591522216797,57.85706329345703
475,14,1,53.94578552246094,53.52666091918945
475,34,1,68.44639587402344,58.60945510864258
475,5,2,59.24199295043945,48.14861297607422
475,7,1,65.60330200195312,39.86919021606445
475,8,1,57.97673797607422,32.85293197631836
475,15,2,55.15931701660156,35.50352096557617
475,142,2,62.04344940185547,12.07394027709961
475,19,2,60.00621032714844,49.10333251953125
475,120,1,68.71199798583984,20.923240661621094
476,1,1,62.68998336791992,46.24820327758789
476,6,2,60.946014404296875,57.937618255615234
476,14,1,53.34260559082031,53.5372200012207
476,34,1,67.84915924072266,58.612491607666016
476,5,2,58.62397003173828,48.18535232543945
476,7,1,64.81481170654297,39.91988754272461
476,8,1,57.1812858581543,32.93247604370117
476,15,2,54.3846435546875,35.458953857421875
476,142,2,60.93973159790039,12.231878280639648
476,19,2,59.364540100097656,49.052772521972656
476,120,1,67.69108581542969,20.883792877197266
477,1,1,63.45615768432617,46.39747619628906
477,6,2,61.538299560546875,58.114810943603516
477,14,1,53.89299392700195,53.777099609375
477,34,1,68.3721694946289,58.838748931884766
477,5,2,59.259037017822266,48.46936798095703
477,7,1,65.56481170654297,40.168033599853516
477,8,1,57.91879653930664,33.191261291503906
477,15,2,55.12150955200195,35.70994186401367
477,142,2,61.77766036987305,12.75763988494873
477,19,2,59.98312759399414,49.251739501953125
477,120,1,68.4532241821289,21.18637466430664
478,1,1,63.462711334228516,46.49730682373047
478,6,2,61.58607864379883,58.072174072265625
478,14,1,53.81618118286133,53.901885986328125
478,34,1,68.3361587524414,58.96286392211914
478,5,2,59.1913948059082,48.546287536621094
478,7,1,65.52117156982422,40.173011779785156
478,8,1,57.836151123046875,33.071746826171875
478,15,2,55.03204345703125,35.706504821777344
478,142,2,61.62950134277344,12.752856254577637
478,19,2,59.915157318115234,49.32694625854492
478,120,1,68.3133316040039,21.179929733276367
479,1,1,63.325984954833984,46.371402740478516
479,6,2,61.5045051574707,57.98714828491211
479,14,1,53.552982330322266,53.905372619628906
479,34,1,68.29642486572266,58.88521957397461
479,5,2,58.965087890625,48.489994049072266
479,7,1,65.30662536621094,40.01231002807617
479,8,1,57.546287536621094,32.87908172607422
479,15,2,54.772377014160156,35.529842376708984
479,142,2,61.21382522583008,12.460479736328125
479,19,2,59.72160339355469,49.19888687133789
479,120,1,67.9373550415039,20.922199249267578
480,1,1,63.506996154785156,46.396026611328125
480,6,2,61.72409439086914,58.20493698120117
480,14,1,53.64716720581055,54.046417236328125
480,34,1,68.50082397460938,58.980010986328125
480,5,2,59.087669372558594,48.58369064331055
480,7,1,65.54556274414062,39.83726119995117
480,8,1,57.70822525024414,32.89513397216797
480,15,2,55.0207405090332,35.56462097167969
480,142,2,61.33695602416992,12.645066261291504
480,19,2,59.881839752197266,49.29915237426758
480,120,1,68.04401397705078,20.920984268188477
481,1,1,63.41210174560547,46.32402420043945
481,6,2,61.73602294921875,58.23114776611328
481,14,1,53.480228424072266,54.10334396362305
481,34,1,68.4415054321289,58.93062210083008
481,5,2,59.00405502319336,48.43837356567383
481,7,1,65.37744140625,39.84461975097656
481,8,1,57.495357513427734,32.78008270263672
481,15,2,54.90071105957031,35.58393096923828
481,142,2,61.10523986816406,12.486559867858887
481,19,2,59.848365783691406,49.24477767944336
481,120,1,67.80548095703125,20.775123596191406
482,1,1,63.16022491455078,46.25763702392578
482,6,2,61.624210357666016,58.31796646118164
482,14,1,53.176944732666016,54.28960037231445
482,34,1,68.28289794921875,58.88740921020508
482,5,2,58.71247100830078,48.6046028137207
482,7,1,65.01724243164062,39.962249755859375
482,8,1,57.15549087524414,32.928985595703125
482,15,2,54.5634880065918,35.60667037963867
482,142,2,60.56062316894531,12.90121078491211
482,19,2,59.59591293334961,49.41486358642578
482,120,1,67.32093048095703,20.812284469604492
483,1,1,63.43771743774414,46.30642318725586
483,6,2,61.981014251708984,58.26546096801758
483,14,1,53.36091613769531,54.321598052978516
483,34,1,68.48072814941406,58.98411560058594
483,5,2,58.95698165893555,48.6474609375
483,7,1,65.31522369384766,39.804725646972656
483,8,1,57.47459411621094,32.74470520019531
483,15,2,54.803672790527344,35.645687103271484
483,142,2,60.83119583129883,12.754616737365723
483,19,2,59.94765853881836,49.40142059326172
483,120,1,67.64427947998047,20.53757667541504
484,1,1,62.8549919128418,46.39203643798828
484,6,2,61.5689582824707,58.3220100402832
484,14,1,52.849002838134766,54.36811065673828
484,34,1,67.88977813720703,59.251075744628906
484,5,2,58.45246505737305,48.73078155517578
484,7,1,64.6904296875,39.81871032714844
484,8,1,56.813446044921875,32.89051055908203
484,15,2,54.13711166381836,35.65849685668945
484,142,2,59.88801574707031,13.181389808654785
484,19,2,59.3856086730957,49.4700813293457
484,120,1,66.77395629882812,20.5824031829834
485,1,1,63.337852478027344,46.6539306640625
485,6,2,62.042755126953125,58.35239028930664
485,14,1,53.23031234741211,54.567474365234375
485,34,1,68.19571685791016,59.60936737060547
485,5,2,58.952598571777344,48.9030647277832
485,7,1,65.16995239257812,40.11253356933594
485,8,1,57.359100341796875,33.34244155883789
485,15,2,54.65447998046875,35.96977615356445
485,142,2,60.48957824707031,13.827049255371094
485,19,2,59.86986541748047,49.71572494506836
485,120,1,67.25305938720703,21.1458797454834
486,1,1,63.03303527832031,46.59952163696289
486,6,2,61.829280853271484,58.193504333496094
486,14,1,52.901058197021484,54.4416618347168
486,34,1,67.85401916503906,59.604793548583984
486,5,2,58.5828857421875,48.834716796875
486,7,1,64.69974517822266,40.0264778137207
486,8,1,56.85989761352539,33.25205612182617
486,15,2,54.221038818359375,35.89170455932617
486,142,2,59.853172302246094,13.896596908569336
486,19,2,59.47318649291992,49.719207763671875
486,120,1,66.58367919921875,21.186750411987305
487,1,1,63.37937545776367,46.6707878112793
487,6,2,62.13593673706055,58.25687026977539
487,14,1,53.107276916503906,54.54862594604492
487,34,1,68.09123229980469,59.65397262573242
487,5,2,58.82514190673828,48.805816650390625
487,7,1,65.03105163574219,39.99073791503906
487,8,1,57.13367462158203,33.426116943359375
487,15,2,54.51104736328125,36.06032180786133
487,142,2,60.13972473144531,14.314889907836914
487,19,2,59.73357391357422,49.695594787597656
488,1,1,63.28678894042969,46.77571105957031
488,6,2,62.112022399902344,58.33841323852539
488,14,1,52.995548248291016,54.48958969116211
488,34,1,67.99124908447266,59.59959411621094
488,5,2,58.70461654663086,48.89469528198242
488,7,1,64.9198989868164,39.90943908691406
488,8,1,56.99993896484375,33.45018005371094
488,15,2,54.407073974609375,36.086551666259766
488,142,2,59.89609146118164,14.52255916595459
488,19,2,59.673431396484375,49.63949203491211
488,120,1,66.5291976928711,21.566625595092773
489,1,1,63.17426681518555,46.57795715332031
489,6,2,62.072731018066406,58.268516540527344
489,14,1,52.85648727416992,54.395263671875
489,34,1,67.85493469238281,59.44968795776367
489,5,2,58.52756118774414,48.856563568115234
489,7,1,64.63290405273438,40.05644607543945
489,156,1,68.9239501953125,42.547767639160156
489,8,1,56.765621185302734,33.63365173339844
489,15,2,54.268733978271484,36.05568313598633
489,142,2,59.58420181274414,14.633459091186523
489,19,2,59.5475959777832,49.53404235839844
489,120,1,66.16755676269531,21.64893341064453
490,1,1,62.88079833984375,46.477352142333984
490,6,2,62.00635528564453,58.10539627075195
490,14,1,52.616764068603516,54.315826416015625
490,34,1,67.64698791503906,59.25754165649414
490,5,2,58.284461975097656,48.769683837890625
490,7,1,64.28985595703125,39.93793487548828
490,156,1,68.61561584472656,42.23850631713867
490,8,1,56.44501495361328,33.513702392578125
490,15,2,54.027313232421875,35.955406188964844
490,142,2,59.07117462158203,14.8013916015625
490,19,2,59.37594985961914,49.38417053222656
490,120,1,65.63777923583984,21.784423828125
491,1,1,62.943599700927734,46.68380355834961
491,6,2,62.1539421081543,58.150264739990234
491,14,1,52.69980239868164,54.3484001159668
491,34,1,67.690185546875,59.159664154052734
491,5,2,58.3749885559082,48.807273864746094
491,7,1,64.34654998779297,39.9745979309082
491,156,1,68.69564819335938,42.07842254638672
491,8,1,56.5706787109375,33.68388366699219
491,15,2,54.152549743652344,36.115562438964844
491,142,2,59.10118865966797,15.376763343811035
491,19,2,59.64223861694336,49.457271575927734
491,120,1,65.6234359741211,21.819908142089844
492,1,1,62.95686721801758,46.56639862060547
492,6,2,62.23504638671875,57.899696350097656
492,14,1,52.69649124145508,54.25809860229492
492,34,1,67.63851165771484,59.064300537109375
492,5,2,58.4104118347168,48.783512115478516
492,7,1,64.34101104736328,39.828880310058594
492,156,1,68.67737579345703,41.83346176147461
492,8,1,56.57978439331055,33.75639724731445
492,15,2,54.163299560546875,36.18354415893555
492,142,2,59.02180862426758,15.467015266418457
492,19,2,59.678035736083984,49.43393325805664
492,120,1,65.45784759521484,21.882612228393555
493,1,1,62.70079803466797,46.72701644897461
493,6,2,62.07478332519531,57.834381103515625
493,34,1,67.39415740966797,59.103755950927734
493,5,2,58.2166748046875,48.78101348876953
493,7,1,64.04682922363281,39.81803512573242
493,156,1,68.31615447998047,41.908599853515625
493,8,1,56.32900619506836,33.99143600463867
493,15,2,53.888370513916016,36.28641891479492
493,142,2,58.63179397583008,15.989891052246094
493,19,2,59.493629455566406,49.510860443115234
493,120,1,64.93988037109375,22.321611404418945
494,1,1,62.79201126098633,46.755985260009766
494,6,2,62.233489990234375,57.81304168701172
494,14,1,52.5308837890625,54.32658386230469
494,34,1,67.48774719238281,59.13028335571289
494,5,2,58.382686614990234,48.666194915771484
494,7,1,64.1016616821289,39.841773986816406
494,156,1,68.39449310302734,41.734676361083984
494,8,1,56.41181945800781,34.02217102050781
494,15,2,54.01997756958008,36.218257904052734
494,142,2,58.64551544189453,16.356689453125
494,19,2,59.591609954833984,49.46232986450195
494,120,1,64.94747161865234,22.186315536499023
495,1,1,62.74421310424805,46.78425216674805
495,6,2,62.285400390625,57.9118766784668
495,34,1,67.39337921142578,59.19859313964844
495,5,2,58.30991744995117,48.765541076660156
495,7,1,63.966697692871094,40.06746292114258
495,156,1,68.24870300292969,41.851016998291016
495,8,1,56.304256439208984,34.16648864746094
495,15,2,53.966548919677734,36.36292266845703
495,142,2,58.4810791015625,16.909042358398438
495,19,2,59.5280876159668,49.483909606933594
495,120,1,64.66825866699219,22.51010513305664
496,1,1,62.786312103271484,46.572933197021484
496,6,2,62.29003143310547,57.81768798828125
496,34,1,67.35391998291016,58.97420120239258
496,5,2,58.28832244873047,48.63809585571289
496,7,1,63.93090057373047,39.89938735961914
496,156,1,68.17716217041016,41.67935562133789
496,8,1,56.273902893066406,33.981407165527344
496,15,2,53.93231964111328,36.188411712646484
496,142,2,58.37945556640625,17.13242530822754
496,19,2,59.50879669189453,49.358585357666016
496,120,1,64.49678802490234,22.54471206665039
497,1,1,62.5703239440918,46.54172134399414
497,6,2,62.224647521972656,57.751949310302734
497,34,1,67.1714096069336,58.94583511352539
497,5,2,58.042720794677734,48.59975814819336
497,7,1,63.67132568359375,39.862091064453125
497,156,1,67.87477111816406,41.63303756713867
497,8,1,55.993919372558594,34.05698776245117
497,15,2,53.66508102416992,36.258087158203125
497,142,2,58.00861358642578,17.250879287719727
497,19,2,59.32480239868164,49.175865173339844
497,120,1,64.04686737060547,22.631633758544922
498,1,1,62.51958084106445,46.35502624511719
498,6,2,62.26319885253906,57.57266616821289
498,34,1,67.10336303710938,58.80716323852539
498,5,2,57.9547233581543,48.49939727783203
498,7,1,63.555625915527344,39.730873107910156
498,156,1,67.74406433105469,41.39955520629883
498,8,1,55.86117172241211,33.910560607910156
498,15,2,53.6256217956543,36.13803482055664
498,142,2,57.83890914916992,17.210451126098633
498,19,2,59.267662048339844,49.16115188598633
498,120,1,63.80162048339844,22.576560974121094
499,1,1,62.570735931396484,46.413394927978516
499,6,2,62.3836784362793,57.507816314697266
499,34,1,67.09221649169922,58.9610481262207
499,5,2,58.04609680175781,48.56193542480469
499,7,1,63.5882453918457,39.79496765136719
499,156,1,67.75143432617188,41.3556022644043
499,8,1,55.917198181152344,34.10063934326172
499,15,2,53.77646255493164,36.33591079711914
499,142,2,57.92997741699219,17.488269805908203
499,19,2,59.436378479003906,49.238922119140625
500,1,1,62.565147399902344,46.42533874511719
500,6,2,62.49412536621094,57.22850036621094
500,34,1,67.01773834228516,59.015960693359375
500,5,2,58.032474517822266,48.6503791809082
500,7,1,63.554290771484375,39.69993591308594
500,156,1,67.69988250732422,41.25857162475586
500,8,1,55.93592834472656,34.12175369262695
500,15,2,53.8640022277832,36.36981201171875
500,142,2,57.8690299987793,17.83338165283203
500,19,2,59.53885269165039,49.34993362426758
500,120,1,63.60348892211914,23.104225158691406
501,1,1,62.498634338378906,46.41712188720703
501,6,2,62.51554489135742,57.11132049560547
501,34,1,66.92697143554688,59.00112533569336
501,5,2,58.00873947143555,48.6503791809082
501,7,1,63.45864486694336,39.68695831298828
501,156,1,67.60498046875,41.14336395263672
501,8,1,55.90753173828125,34.12302780151367
501,15,2,53.80881118774414,36.47256088256836
501,142,2,57.69894790649414,18.467023849487305
501,19,2,59.515140533447266,49.34988021850586
501,120,1,63.36345291137695,23.36890411376953
502,1,1,62.45343780517578,46.53948974609375
502,6,2,62.57270050048828,57.09298324584961
502,34,1,66.86444091796875,59.02012634277344
502,5,2,58.030860900878906,48.61707305908203
502,7,1,63.41944122314453,39.62937545776367
502,156,1,67.56915283203125,40.88162612915039
502,8,1,55.901039123535156,34.18163299560547
502,15,2,53.78105545043945,36.522926330566406
502,142,2,57.63298416137695,18.53911018371582
502,19,2,59.518314361572266,49.313148498535156
502,120,1,63.21331787109375,23.41783332824707
503,1,1,62.43169403076172,46.61815643310547
503,6,2,62.642005920410156,57.1677131652832
503,34,1,66.82457733154297,59.07054901123047
503,5,2,58.083229064941406,48.624900817871094
503,7,1,63.33170700073242,39.81562042236328
503,156,1,67.42610931396484,41.0546760559082
503,8,1,55.86099624633789,34.283939361572266
503,15,2,53.77283477783203,36.51747131347656
503,142,2,57.55809783935547,19.00504493713379
503,19,2,59.511505126953125,49.30898666381836
503,120,1,63.04711151123047,23.529985427856445
504,1,1,62.46808624267578,46.52627944946289
504,6,2,62.71332550048828,57.172725677490234
504,34,1,66.85972595214844,58.94690704345703
504,5,2,58.10173034667969,48.4577522277832
504,7,1,63.26517105102539,39.78643035888672
504,156,1,67.33814239501953,41.02131271362305
504,8,1,55.8055534362793,34.36954879760742
504,15,2,53.7722282409668,36.501060485839844
504,142,2,57.46588897705078,19.444211959838867
504,19,2,59.50130081176758,49.373268127441406
504,120,1,62.8448371887207,23.766817092895508
505,1,1,62.51739501953125,46.537471771240234
505,6,2,62.798858642578125,57.06525802612305
505,34,1,66.86540985107422,58.82682418823242
505,5,2,58.07903289794922,48.37453842163086
505,7,1,63.25135040283203,39.78506851196289
505,156,1,67.32424926757812,40.91722106933594
505,8,1,55.759796142578125,34.47575759887695
505,15,2,53.776485443115234,36.61034393310547
505,19,2,59.500030517578125,49.29582214355469
505,120,1,62.69972610473633,23.889236450195312
506,1,1,62.49013900756836,46.56705856323242
506,6,2,62.85436248779297,56.97603988647461
506,34,1,66.85700225830078,58.7275276184082
506,5,2,58.0549201965332,48.40211868286133
506,7,1,63.221092224121094,39.82112121582031
506,156,1,67.22449493408203,41.0415153503418
506,8,1,55.74001693725586,34.40432357788086
506,15,2,53.76903533935547,36.758853912353516
506,19,2,59.49681854248047,49.17013931274414
506,120,1,62.53581619262695,24.065853118896484
507,1,1,62.49333953857422,46.3779411315918
507,6,2,62.89793014526367,56.909210205078125
507,34,1,66.8344955444336,58.5878791809082
507,5,2,58.0574951171875,48.307167053222656
507,7,1,63.22671127319336,39.59435272216797
507,156,1,67.17438507080078,41.01130294799805
507,8,1,55.700252532958984,34.487762451171875
507,15,2,53.8061408996582,36.74547576904297
507,19,2,59.55156326293945,49.00812530517578
507,120,1,62.40067672729492,24.158037185668945
508,1,1,62.47417449951172,46.38748550415039
508,6,2,62.96953582763672,56.67913818359375
508,34,1,66.81651306152344,58.47028350830078
508,5,2,58.05973815917969,48.320011138916016
508,7,1,63.1204833984375,39.692935943603516
508,156,1,67.10721588134766,40.91102600097656
508,8,1,55.703426361083984,34.50601577758789
508,15,2,53.87824249267578,36.776527404785156
508,19,2,59.59299850463867,49.0287971496582
508,142,2,57.250518798828125,20.09671401977539
509,1,1,62.45133590698242,46.37459182739258
509,6,2,63.047630310058594,56.560909271240234
509,34,1,66.81454467773438,58.40203857421875
509,5,2,58.066314697265625,48.233707427978516
509,7,1,63.08995056152344,39.57294845581055
509,156,1,67.03738403320312,40.78423309326172
509,8,1,55.73139572143555,34.38705062866211
509,15,2,53.89266586303711,36.875587463378906
509,19,2,59.6893196105957,49.040828704833984
509,142,2,57.20749282836914,20.230533599853516
509,120,1,62.11073684692383,24.2567081451416
510,1,1,62.420066833496094,46.35909652709961
510,6,2,63.087562561035156,56.49802780151367
510,34,1,66.71981811523438,58.49992752075195
510,5,2,58.03573226928711,48.21902847290039
510,7,1,63.01042556762695,39.545894622802734
510,156,1,66.93560791015625,40.64960479736328
510,8,1,55.73427963256836,34.48938751220703
510,15,2,53.85689926147461,36.85715103149414
510,19,2,59.69861602783203,49.034366607666016
510,142,2,57.08639907836914,20.50322914123535
510,120,1,61.943397521972656,24.355051040649414
511,1,1,62.45846176147461,46.37198257446289
511,6,2,63.1562385559082,56.51582336425781
511,34,1,66.69959259033203,58.49943161010742
511,5,2,58.10197830200195,48.156986236572266
511,7,1,62.967586517333984,39.64730453491211
511,156,1,66.88618469238281,40.54226303100586
511,8,1,55.74738693237305,34.6121826171875
511,15,2,53.88211441040039,36.76217269897461
511,19,2,59.75519561767578,49.050514221191406
511,142,2,57.06064224243164,20.81868553161621
511,120,1,61.81353759765625,24.484655380249023
512,1,1,62.46060562133789,46.3973503112793
512,6,2,63.22484588623047,56.48399353027344
512,34,1,66.78631591796875,58.41122055053711
512,5,2,58.145259857177734,48.18889236450195
512,7,1,62.92448806762695,39.66847229003906
512,156,1,66.86290740966797,40.35982894897461
512,8,1,55.70598602294922,34.97471618652344
512,15,2,53.88776779174805,36.793949127197266
512,19,2,59.808677673339844,49.00505065917969
512,142,2,56.98875045776367,21.158113479614258
512,120,1,61.66416549682617,24.643314361572266
513,1,1,62.51167297363281,46.284671783447266
513,6,2,63.35514450073242,56.35441589355469
513,34,1,66.8001480102539,58.26378631591797
513,5,2,58.178009033203125,48.16192626953125
513,7,1,62.89646530151367,39.619361877441406
513,156,1,66.81430053710938,40.30643081665039
513,8,1,55.719791412353516,34.930458068847656
513,15,2,53.923072814941406,36.75651168823242
513,19,2,59.833377838134766,48.8975715637207
513,142,2,56.98387908935547,21.400156021118164
513,120,1,61.57635498046875,24.564538955688477
514,1,1,62.57986831665039,46.278953552246094
514,6,2,63.42800521850586,56.289894104003906
514,34,1,66.84028625488281,58.13310241699219
514,5,2,58.19200897216797,48.06623077392578
514,7,1,62.8973274230957,39.49214553833008
514,156,1,66.79875946044922,40.17550277709961
514,8,1,55.72459030151367,34.906124114990234
514,15,2,53.97299575805664,36.74262237548828
514,19,2,59.86082077026367,48.725975036621094
514,142,2,56.97902297973633,21.51784324645996
514,120,1,61.4587287902832,24.654245376586914
515,1,1,62.70661163330078,45.5806999206543
515,6,2,63.572872161865234,55.647377014160156
515,34,1,66.91385650634766,57.754844665527344
515,5,2,58.262142181396484,47.49178695678711
515,7,1,62.98258972167969,38.853302001953125
515,156,1,66.91659545898438,39.54117202758789
515,8,1,55.782867431640625,34.09455490112305
515,15,2,54.01262664794922,35.97093963623047
515,19,2,59.95610809326172,48.0806770324707
515,142,2,57.06719207763672,20.72646141052246
515,120,1,61.46435546875,23.734867095947266
516,1,1,62.74295425415039,45.455326080322266
516,6,2,63.702823638916016,55.37450408935547
516,34,1,66.89836120605469,57.7203483581543
516,5,2,58.29987716674805,47.45893096923828
516,7,1,62.98868179321289,38.90805435180664
516,156,1,66.87425994873047,39.58631896972656
516,8,1,55.810157775878906,34.272483825683594
516,15,2,54.047977447509766,36.03297805786133
516,19,2,59.983245849609375,48.127315521240234
516,142,2,57.095855712890625,20.965768814086914
516,120,1,61.346866607666016,23.934917449951172
517,1,1,62.637664794921875,45.893646240234375
517,6,2,63.678504943847656,55.71552658081055
517,34,1,66.82192993164062,57.96986389160156
517,5,2,58.256187438964844,47.95476150512695
517,7,1,62.82215881347656,39.73210525512695
517,156,1,66.66365814208984,40.19597244262695
517,8,1,55.75624084472656,34.96390914916992
517,15,2,54.07350540161133,36.81159591674805
517,19,2,59.96745300292969,48.62424850463867
517,142,2,57.00962448120117,22.049715042114258
517,120,1,61.13475036621094,24.946638107299805
518,1,1,62.77587127685547,45.1778450012207
518,6,2,63.86227035522461,55.193416595458984
518,34,1,66.99268341064453,57.47327423095703
518,5,2,58.356178283691406,47.37338638305664
518,7,1,62.951473236083984,38.881431579589844
518,156,1,66.7897720336914,39.23040008544922
518,8,1,55.82502746582031,34.14033126831055
518,15,2,54.19306945800781,36.042633056640625
518,19,2,60.22205352783203,48.079708099365234
518,142,2,57.09326934814453,21.091882705688477
518,120,1,61.176902770996094,24.022119522094727
519,1,1,62.66683578491211,45.73567199707031
519,6,2,63.83638000488281,55.69068145751953
519,34,1,66.8545913696289,57.85929489135742
519,5,2,58.30520248413086,47.89505386352539
519,7,1,62.8089599609375,39.53638458251953
519,156,1,66.59049987792969,39.88151168823242
519,8,1,55.787513732910156,34.87338638305664
519,15,2,54.188262939453125,36.84956741333008
519,19,2,60.1854248046875,48.6796760559082
519,142,2,56.987709045410156,22.367774963378906
520,1,1,62.69136047363281,45.748958587646484
520,6,2,63.897361755371094,55.775604248046875
520,34,1,66.80486297607422,57.91814041137695
520,5,2,58.3795280456543,47.99867630004883
520,7,1,62.796260833740234,39.6474609375
520,156,1,66.57014465332031,39.78204345703125
520,8,1,55.78480911254883,34.99588394165039
520,15,2,54.233646392822266,36.9749755859375
520,19,2,60.2056884765625,48.851131439208984
520,142,2,56.961002349853516,22.824987411499023
521,1,1,62.73600769042969,45.76182174682617
521,6,2,63.95046615600586,55.723060607910156
521,34,1,66.82366943359375,57.798484802246094
521,5,2,58.4423828125,48.01493453979492
521,7,1,62.76020431518555,39.74821472167969
521,156,1,66.54918670654297,39.67683410644531
521,8,1,55.804264068603516,35.11677169799805
521,15,2,54.28300094604492,36.98952102661133
521,19,2,60.25167465209961,48.70414352416992
521,142,2,57.00849533081055,22.98941993713379
521,120,1,60.75591278076172,25.486053466796875
522,1,1,63.06309127807617,45.37859344482422
522,6,2,64.29163360595703,55.38806915283203
522,34,1,67.10377502441406,57.46986389160156
522,5,2,58.729698181152344,47.66181182861328
522,7,1,63.05209732055664,39.38473892211914
522,156,1,66.84200286865234,39.304283142089844
522,8,1,56.11612319946289,34.72221374511719
522,15,2,54.55519485473633,36.611167907714844
522,19,2,60.55632019042969,48.439178466796875
522,142,2,57.32560348510742,22.745996475219727
522,120,1,60.989620208740234,25.093076705932617
523,1,1,63.01013946533203,45.39252471923828
523,6,2,64.24205017089844,55.32931137084961
523,34,1,67.03963470458984,57.4103889465332
523,5,2,58.68031311035156,47.510562896728516
523,7,1,62.88718795776367,39.484619140625
523,156,1,66.69168853759766,39.41004180908203
523,8,1,56.02008056640625,34.620826721191406
523,15,2,54.48323440551758,36.518951416015625
523,19,2,60.47883987426758,48.36488723754883
523,142,2,57.232635498046875,22.768600463867188
523,120,1,60.7899284362793,25.092927932739258
524,1,1,63.01013946533203,45.39252471923828
524,6,2,64.32352447509766,55.14350128173828
524,34,1,67.09247589111328,57.29265213012695
524,5,2,58.68031311035156,47.510562896728516
524,7,1,62.88718795776367,39.484619140625
524,156,1,66.73672485351562,39.31252670288086
524,8,1,56.02008056640625,34.620826721191406
524,15,2,54.48323440551758,36.518951416015625
524,19,2,60.522918701171875,48.21152877807617
524,142,2,57.232635498046875,22.768600463867188
524,120,1,60.70993423461914,25.07691764831543
525,1,1,62.931854248046875,45.1901741027832
525,6,2,64.31649017333984,55.068641662597656
525,34,1,67.01763916015625,57.272003173828125
525,5,2,58.584877014160156,47.402137756347656
525,7,1,62.746246337890625,39.44746398925781
525,156,1,66.57247924804688,39.37709426879883
525,8,1,55.84095001220703,34.688575744628906
525,15,2,54.36239242553711,36.48560333251953
525,19,2,60.45025634765625,48.1085319519043
525,142,2,57.05257034301758,22.86905860900879
525,120,1,60.447975158691406,25.156402587890625
526,1,1,62.76860809326172,45.18974304199219
526,6,2,64.28047180175781,55.01811981201172
526,34,1,66.91287994384766,57.20964050292969
526,5,2,58.44021987915039,47.32039260864258
526,7,1,62.52509689331055,39.44071960449219
526,156,1,66.36984252929688,39.37493896484375
526,8,1,55.62174987792969,34.5723762512207
526,15,2,54.18281555175781,36.595672607421875
526,19,2,60.30397033691406,48.189876556396484
526,142,2,56.791969299316406,22.871028900146484
526,120,1,60.12527847290039,25.000303268432617
527,1,1,62.83772277832031,44.75969314575195
527,6,2,64.35820007324219,54.90303421020508
527,34,1,66.95768737792969,57.029693603515625
527,5,2,58.42130661010742,47.07481002807617
527,7,1,62.55875015258789,39.03697967529297
527,156,1,66.44586181640625,38.863101959228516
527,8,1,55.56450271606445,34.2281608581543
527,15,2,54.15690612792969,36.49147033691406
527,19,2,60.43217086791992,47.97747039794922
527,142,2,56.731788635253906,22.422863006591797
527,120,1,60.01224899291992,24.699886322021484
528,1,1,62.97934341430664,44.95824432373047
528,6,2,64.52072143554688,55.199493408203125
528,34,1,67.0523452758789,57.29949188232422
528,5,2,58.53632736206055,47.336029052734375
528,7,1,62.66642379760742,39.25558090209961
528,156,1,66.59020233154297,38.98656463623047
528,8,1,55.67854309082031,34.35114288330078
528,15,2,54.298343658447266,36.93391036987305
528,19,2,60.59979248046875,48.246124267578125
528,142,2,56.866729736328125,22.878997802734375
528,120,1,60.050601959228516,25.122392654418945
529,1,1,63.25803756713867,44.99361038208008
529,6,2,64.78339385986328,55.30485534667969
529,34,1,67.28874969482422,57.33269500732422
529,5,2,58.8212776184082,47.3746223449707
529,7,1,62.92084503173828,39.282501220703125
529,156,1,66.9180908203125,38.91985321044922
529,8,1,55.94146728515625,34.37748336791992
529,15,2,54.58042526245117,36.859588623046875
529,19,2,60.91099548339844,48.37158203125
529,142,2,57.151329040527344,22.752342224121094
529,120,1,60.294281005859375,25.137636184692383
530,1,1,63.30028533935547,45.00217056274414
530,6,2,64.84087371826172,55.38404846191406
530,34,1,67.3244400024414,57.3399772644043
530,5,2,58.88175964355469,47.38690185546875
530,7,1,62.903995513916016,39.38369369506836
530,156,1,66.9863510131836,38.717254638671875
530,8,1,55.933494567871094,34.48978805541992
530,15,2,54.632198333740234,36.763309478759766
530,19,2,60.97101974487305,48.38377380371094
530,142,2,57.140316009521484,22.899019241333008
530,120,1,60.214420318603516,25.12165069580078
531,1,1,63.3636589050293,45.01500701904297
531,6,2,64.92953491210938,55.33464431762695
531,34,1,67.34231567382812,57.407955169677734
531,5,2,58.92208480834961,47.39508819580078
531,7,1,62.88128662109375,39.37910842895508
531,156,1,66.96373748779297,38.821022033691406
531,8,1,55.901912689208984,34.59701919555664
531,15,2,54.60332489013672,36.86420822143555
531,19,2,61.051055908203125,48.4000244140625
531,142,2,57.113258361816406,22.89360809326172
531,120,1,60.17669677734375,24.97018814086914
532,1,1,63.44815444946289,45.03212356567383
532,6,2,65.00009155273438,55.281402587890625
532,34,1,67.34234619140625,57.4721565246582
532,5,2,58.94224548339844,47.3991813659668
532,7,1,62.88128662109375,39.37910842895508
532,156,1,66.918701171875,39.0277214050293
532,8,1,55.90983200073242,34.48501968383789
532,15,2,54.60332489013672,36.86420822143555
532,19,2,61.083778381347656,48.325416564941406
532,142,2,57.07530212402344,23.034427642822266
532,120,1,60.096717834472656,24.954181671142578
533,1,1,63.49040222167969,45.04068374633789
533,6,2,65.10501861572266,55.167110443115234
533,34,1,67.39579010009766,57.41886520385742
533,5,2,58.94224548339844,47.3991813659668
533,7,1,62.903995513916016,39.38369369506836
533,156,1,66.96482849121094,39.03702926635742
533,8,1,55.91776657104492,34.372711181640625
533,15,2,54.57453155517578,36.96483612060547
533,19,2,61.1165771484375,48.250633239746094
533,142,2,57.021270751953125,23.023622512817383
533,120,1,60.02809143066406,25.084354400634766
534,1,1,63.523231506347656,44.86612319946289
534,6,2,65.1943359375,55.11725997924805
534,34,1,67.44934844970703,57.36546325683594
534,5,2,58.98257064819336,47.40736389160156
534,7,1,62.903995513916016,39.38369369506836
534,156,1,66.9878921508789,39.04167938232422
534,8,1,55.90983200073242,34.48501968383789
534,15,2,54.56340408325195,36.749427795410156
534,19,2,61.136634826660156,48.254703521728516
534,142,2,57.021270751953125,23.023622512817383
534,120,1,59.948238372802734,25.068368911743164
535,1,1,63.539703369140625,44.77852249145508
535,6,2,65.2677230834961,55.13221740722656
535,34,1,67.50302124023438,57.31195068359375
535,5,2,59.01312255859375,47.330997467041016
535,7,1,62.8645133972168,39.48004150390625
535,156,1,67.08015441894531,39.06029510498047
535,8,1,55.886165618896484,34.48025131225586
535,15,2,54.59225845336914,36.64824295043945
535,19,2,61.22977066040039,48.19198226928711
535,142,2,56.9835205078125,23.16401481628418
535,120,1,59.868385314941406,25.052385330200195
536,1,1,63.59402847290039,44.606971740722656
536,6,2,65.3044204711914,55.13969421386719
536,34,1,67.55680084228516,57.258323669433594
536,5,2,59.04374313354492,47.25444793701172
536,7,1,62.841835021972656,39.4754638671875
536,156,1,67.10357666015625,39.172481536865234
536,8,1,55.85464859008789,34.58749771118164
536,15,2,54.598201751708984,36.542144775390625
536,19,2,61.290008544921875,48.2042121887207
536,142,2,56.95655059814453,23.158620834350586
537,1,1,63.44024658203125,44.33836364746094
537,6,2,65.16276550292969,55.0708122253418
537,34,1,67.38433074951172,57.18516159057617
537,5,2,58.852935791015625,47.24992752075195
537,7,1,62.61317825317383,39.26362228393555
537,156,1,66.97268676757812,38.97540283203125
537,8,1,55.57741165161133,34.35123062133789
537,15,2,54.38357925415039,36.54319763183594
537,19,2,61.1595573425293,48.211463928222656
537,142,2,56.659584045410156,23.012447357177734
538,1,1,63.540626525878906,44.191532135009766
538,6,2,65.25474548339844,55.034175872802734
538,34,1,67.44010162353516,57.07905960083008
538,5,2,58.94814682006836,47.2020378112793
538,7,1,62.65608215332031,39.18733215332031
538,156,1,67.11309814453125,38.80805587768555
538,8,1,55.6142692565918,34.266136169433594
538,15,2,54.41804885864258,36.46300506591797
538,19,2,61.323646545410156,48.26020050048828
538,142,2,56.70298385620117,22.90093994140625
538,120,1,59.49341583251953,24.48651885986328
539,1,1,63.7293586730957,44.35885238647461
539,6,2,65.43284606933594,55.165870666503906
539,34,1,67.55718994140625,57.128807067871094
539,5,2,59.15442657470703,47.35968017578125
539,7,1,62.79045867919922,39.36077117919922
539,156,1,67.35688781738281,38.791996002197266
539,8,1,55.76784133911133,34.456417083740234
539,15,2,54.59225845336914,36.64824295043945
539,19,2,61.52450942993164,48.41490936279297
539,142,2,56.875633239746094,23.142436981201172
539,120,1,59.60486602783203,24.711389541625977
540,1,1,63.772029876708984,44.36749267578125
540,6,2,65.52262115478516,55.115962982177734
540,34,1,67.55718994140625,57.128807067871094
540,5,2,59.21498489379883,47.371971130371094
540,7,1,62.784420013427734,39.25495910644531
540,156,1,67.35692596435547,39.00837707519531
540,8,1,55.77558517456055,34.34406661987305
540,15,2,54.59225845336914,36.64824295043945
540,19,2,61.58461380004883,48.4271125793457
540,142,2,56.8651008605957,23.28780746459961
540,120,1,59.52477264404297,24.69536018371582
541,1,1,63.336700439453125,44.23442840576172
541,6,2,65.18553924560547,55.01400375366211
541,34,1,67.17559051513672,57.01932907104492
541,5,2,58.8106689453125,47.166770935058594
541,7,1,62.274349212646484,39.1009635925293
541,156,1,66.84385681152344,39.17510223388672
541,8,1,55.262969970703125,34.18523025512695
541,15,2,54.08950424194336,36.60173797607422
541,19,2,61.194644927978516,48.308292388916016
541,142,2,56.25638961791992,23.094297409057617
541,120,1,58.86990737915039,24.493852615356445
542,1,1,63.83165740966797,44.287269592285156
542,6,2,65.6309814453125,55.06969451904297
542,34,1,67.53926849365234,57.125152587890625
542,5,2,59.25654602050781,47.21467971801758
542,7,1,62.72233963012695,39.34701919555664
542,156,1,67.3799819946289,39.442325592041016
542,8,1,55.751888275146484,34.33929443359375
542,15,2,54.60332489013672,36.86420822143555
542,19,2,61.69823455810547,48.368736267089844
542,142,2,56.82771301269531,23.427345275878906
542,120,1,59.4056510925293,24.526729583740234
543,1,1,63.84865951538086,44.19818115234375
543,6,2,65.66593933105469,55.008323669433594
543,34,1,67.5215072631836,57.0565299987793
543,5,2,59.28752899169922,47.137813568115234
543,7,1,62.69963073730469,39.34243392944336
543,156,1,67.44890594482422,39.456233978271484
543,8,1,55.751888275146484,34.33929443359375
543,15,2,54.5974006652832,36.969451904296875
543,19,2,61.73179244995117,48.29391098022461
543,142,2,56.77394104003906,23.416587829589844
543,120,1,59.325439453125,24.510677337646484
544,1,1,63.865699768066406,44.1088752746582
544,6,2,65.66411590576172,54.939308166503906
544,34,1,67.50357055664062,57.0528678894043
544,5,2,59.30778884887695,47.14192199707031
544,156,1,67.54080963134766,39.47477722167969
544,8,1,55.72819137573242,34.33452224731445
544,15,2,54.58042526245117,36.859588623046875
544,19,2,61.779014587402344,48.1396484375
544,142,2,56.72016525268555,23.40583038330078
544,120,1,59.2452278137207,24.494626998901367
545,1,1,63.887115478515625,44.11321258544922
545,6,2,65.64569091796875,54.93555450439453
545,34,1,67.50370788574219,56.987762451171875
545,5,2,59.31858444213867,47.06076431274414
545,156,1,67.54035949707031,39.68762969970703
545,8,1,55.72819137573242,34.33452224731445
545,15,2,54.58042526245117,36.859588623046875
545,19,2,61.853092193603516,48.072471618652344
545,142,2,56.6663932800293,23.39507484436035
545,120,1,59.16501998901367,24.478574752807617
546,1,1,63.70750427246094,43.988792419433594
546,6,2,65.4560546875,54.83177185058594
546,34,1,67.3028564453125,56.95024871826172
546,5,2,59.11250305175781,47.02336120605469
546,156,1,67.30703735351562,39.752197265625
546,8,1,55.4713249206543,34.174625396728516
546,15,2,54.34807205200195,36.81835174560547
546,19,2,61.688472747802734,48.04341506958008
546,142,2,56.33967971801758,23.33749771118164
546,120,1,58.813194274902344,24.415855407714844
547,1,1,63.98157501220703,43.85266876220703
547,6,2,65.64199829101562,54.79707336425781
547,34,1,67.4677963256836,56.980438232421875
547,5,2,59.3388671875,47.06488037109375
547,156,1,67.51686096191406,40.000186920166016
547,8,1,55.6807975769043,34.324974060058594
547,15,2,54.55752182006836,36.85496520996094
547,19,2,62.00044250488281,48.184600830078125
547,142,2,56.5588493347168,23.373559951782227
547,120,1,59.004608154296875,24.446474075317383
547,7,1,62.63151168823242,39.32868194580078
548,1,1,64.02456665039062,43.86137008666992
548,6,2,65.62352752685547,54.793312072753906
548,34,1,67.44983673095703,56.976776123046875
548,5,2,59.39032745361328,46.99177169799805
548,156,1,67.49371337890625,40.20565414428711
548,8,1,55.66469955444336,34.20751190185547
548,15,2,54.55752182006836,36.85496520996094
548,19,2,62.06083679199219,48.196861267089844
548,142,2,56.47819519042969,23.357425689697266
548,120,1,58.93806076049805,24.28792381286621
548,7,1,62.60880661010742,39.3240966796875
549,1,1,64.05020141601562,43.96001434326172
549,6,2,65.6031723022461,54.7200813293457
549,34,1,67.41387939453125,57.034576416015625
549,156,1,67.49339294433594,40.41462326049805
549,8,1,55.64097213745117,34.20273208618164
549,15,2,54.53462219238281,36.850345611572266
549,19,2,62.127349853515625,48.292388916015625
549,142,2,56.40732192993164,23.19624137878418
549,120,1,58.844200134277344,24.41437339782715
549,7,1,62.58610153198242,39.319515228271484
550,1,1,63.80225372314453,43.84361267089844
550,6,2,65.31689453125,54.612701416015625
550,34,1,67.1551742553711,56.870426177978516
550,156,1,67.21188354492188,40.38813400268555
550,8,1,55.263694763183594,34.04560089111328
550,15,2,54.21531295776367,36.71030807495117
550,19,2,61.927452087402344,48.111534118652344
550,142,2,55.94396209716797,23.146419525146484
550,120,1,58.39585876464844,24.22177505493164
550,7,1,62.293087005615234,39.08148193359375
550,5,2,59.14222717285156,46.7982063293457
551,1,1,64.15354919433594,43.88747787475586
551,6,2,65.52922821044922,54.70501708984375
551,34,1,67.37802124023438,56.896854400634766
551,156,1,67.5615005493164,40.428375244140625
551,8,1,55.569786071777344,34.18839645385742
551,15,2,54.48304748535156,36.94637680053711
551,19,2,62.24201583862305,48.233642578125
551,142,2,56.263118743896484,23.314401626586914
551,120,1,58.69708251953125,24.239704132080078
551,7,1,62.55706024169922,39.20906066894531
551,5,2,59.44190979003906,46.91849136352539
552,1,1,63.771148681640625,43.509674072265625
552,6,2,65.14966583251953,54.40578842163086
552,34,1,67.0328598022461,56.55099105834961
552,156,1,67.14944458007812,40.11543273925781
552,8,1,55.07888412475586,33.837406158447266
552,15,2,54.01191711425781,36.50996780395508
552,19,2,61.91084671020508,47.820003509521484
552,142,2,55.65516662597656,22.869131088256836
552,7,1,62.100120544433594,38.78053283691406
552,5,2,59.09269332885742,46.66288757324219
553,1,1,64.18860626220703,43.70696258544922
553,6,2,65.451171875,54.55050277709961
553,34,1,67.34195709228516,56.62705612182617
553,156,1,67.63029479980469,40.23322677612305
553,8,1,55.5223274230957,34.178836822509766
553,15,2,54.43730545043945,36.9371452331543
553,19,2,62.34520721435547,48.00735855102539
553,142,2,56.12870407104492,23.287513732910156
553,7,1,62.488853454589844,39.19529342651367
553,5,2,59.52323532104492,46.934993743896484
554,1,1,64.20620727539062,43.61636734008789
554,6,2,65.39559936523438,54.539180755615234
554,34,1,67.34186553955078,56.42875671386719
554,156,1,67.5615005493164,40.428375244140625
554,8,1,55.5059928894043,34.061012268066406
554,15,2,54.38593292236328,37.03293228149414
554,19,2,62.37976837158203,47.93157196044922
554,142,2,56.038848876953125,23.41608238220215
554,7,1,62.42064666748047,39.181522369384766
554,5,2,59.50290298461914,46.930870056152344
554,120,1,58.429344177246094,24.186132431030273
555,1,1,64.227783203125,43.620731353759766
555,6,2,65.32149505615234,54.52408218383789
555,34,1,67.28754425048828,56.41768264770508
555,156,1,67.53813934326172,40.73515319824219
555,8,1,55.47487258911133,34.16927719116211
555,15,2,54.334693908691406,37.12846374511719
555,19,2,62.46940612792969,47.78358459472656
555,142,2,55.931488037109375,23.394603729248047
555,7,1,62.375179290771484,39.17234420776367
555,5,2,59.50290298461914,46.930870056152344
555,120,1,58.3222541809082,24.164703369140625
556,1,1,64.227783203125,43.620731353759766
556,6,2,65.24739837646484,54.50898742675781
556,34,1,67.25108337402344,56.277366638183594
556,156,1,67.51514434814453,40.93681716918945
556,8,1,55.42741775512695,34.15971755981445
556,15,2,54.311885833740234,37.123863220214844
556,19,2,62.57078170776367,47.80415725708008
556,142,2,55.81529235839844,23.517438888549805
556,7,1,62.345821380615234,39.061553955078125
556,5,2,59.462242126464844,46.9226188659668
556,120,1,58.21516799926758,24.14327621459961
557,1,1,64.2493667602539,43.625099182128906
557,6,2,65.17330932617188,54.493892669677734
557,34,1,67.19646453857422,56.1995849609375
557,156,1,67.5147705078125,41.141971588134766
557,8,1,55.37996292114258,34.15016174316406
557,15,2,54.238033294677734,37.21454620361328
557,19,2,62.550506591796875,47.800045013427734
557,142,2,55.68130874633789,23.490633010864258
557,7,1,62.30029296875,39.052364349365234
557,5,2,59.47325897216797,46.84090805053711
557,120,1,58.08131408691406,24.116491317749023
558,1,1,64.18067932128906,43.49604415893555
558,6,2,64.98829650878906,54.440948486328125
558,34,1,67.06971740722656,56.09226608276367
558,156,1,67.44815826416016,41.208309173583984
558,8,1,55.23493576049805,34.095829010009766
558,15,2,54.070499420166016,37.262939453125
558,19,2,62.44872283935547,47.76108932495117
558,142,2,55.43721389770508,23.409757614135742
558,7,1,62.11762619018555,38.992427825927734
558,5,2,59.37027359008789,46.80154800415039
558,120,1,57.85026168823242,23.892547607421875
559,1,1,64.19927215576172,43.42612075805664
559,6,2,64.8936538696289,54.36753463745117
559,34,1,66.996337890625,55.958126068115234
559,156,1,67.4706802368164,41.23548126220703
559,8,1,55.17448043823242,33.99447250366211
559,15,2,53.98348617553711,37.26868438720703
559,19,2,62.435604095458984,47.86007308959961
559,142,2,55.28065872192383,23.41075897216797
559,7,1,62.05095672607422,39.00223922729492
559,5,2,59.331729888916016,46.812355041503906
559,120,1,57.71958541870117,23.89873695373535
560,1,1,64.06160736083984,43.389373779296875
560,6,2,64.71724700927734,54.25537872314453
560,34,1,66.80779266357422,55.91339111328125
560,156,1,67.3281021118164,41.19710159301758
560,8,1,54.97459030151367,33.943450927734375
560,15,2,53.78715133666992,37.324241638183594
560,19,2,62.361412048339844,47.75401306152344
560,142,2,54.94807052612305,23.33053207397461
560,7,1,61.83753967285156,38.94930648803711
560,5,2,59.15029525756836,46.85161590576172
560,120,1,57.40265655517578,23.96733856201172
561,1,1,64.02568817138672,43.48344421386719
561,6,2,64.60852813720703,54.23816680908203
561,34,1,66.75492858886719,55.840152740478516
561,156,1,67.3535385131836,41.2094612121582
561,8,1,54.90766143798828,33.938087463378906
561,19,2,62.364505767822266,47.760536193847656
561,142,2,54.81901550292969,23.315031051635742
561,7,1,61.795536041259766,38.9482536315918
561,5,2,59.09186935424805,47.01298904418945
561,120,1,57.27345275878906,23.95177459716797
562,1,1,63.86790466308594,43.71804428100586
562,6,2,64.3971176147461,54.39188766479492
562,34,1,66.5407943725586,55.9863395690918
562,156,1,67.19964599609375,41.46621322631836
562,8,1,54.72233581542969,34.224056243896484
562,19,2,62.262325286865234,47.97472381591797
562,142,2,54.53050994873047,23.668224334716797
562,7,1,61.59987258911133,39.308876037597656
562,5,2,58.89944839477539,47.209320068359375
562,120,1,57.06511688232422,24.175474166870117
562,15,2,53.56409454345703,37.7900505065918
563,1,1,64.26705932617188,43.53428649902344
563,6,2,64.6302719116211,54.24407196044922
563,34,1,66.8127212524414,55.85335159301758
563,156,1,67.60384368896484,41.465816497802734
563,8,1,55.06134796142578,33.85661697387695
563,19,2,62.646331787109375,47.73610305786133
563,142,2,54.870155334472656,23.473947525024414
563,7,1,61.965980529785156,39.08973693847656
563,5,2,59.19689178466797,47.03606414794922
563,120,1,57.434783935546875,23.69535255432129
563,15,2,53.876625061035156,37.56116485595703
564,1,1,64.03021240234375,43.79266357421875
564,6,2,64.37557220458984,54.14012908935547
564,34,1,66.60150909423828,55.827396392822266
564,156,1,67.47820281982422,41.66868209838867
564,8,1,54.78355407714844,33.94465255737305
564,19,2,62.51395034790039,47.73045349121094
564,142,2,54.51164627075195,23.43915367126465
564,7,1,61.673919677734375,39.26612854003906
564,5,2,58.93365478515625,47.08715057373047
564,15,2,53.632049560546875,37.74628448486328
565,1,1,63.85310363769531,43.605430603027344
565,6,2,64.13028717041016,53.97739028930664
565,34,1,66.4183349609375,55.61396026611328
565,156,1,67.34632873535156,41.68122482299805
565,8,1,54.54973602294922,33.59719467163086
565,19,2,62.39918518066406,47.48859405517578
565,142,2,54.160396575927734,23.134183883666992
565,7,1,61.43693161010742,39.05016326904297
565,5,2,58.70664596557617,46.99015426635742
565,15,2,53.37456512451172,37.63080596923828
565,120,1,56.75469207763672,23.360248565673828
566,1,1,63.42422103881836,43.9770393371582
566,6,2,63.684356689453125,54.228248596191406
566,34,1,65.98504638671875,55.78826904296875
566,156,1,66.88140869140625,42.27705001831055
566,8,1,54.109466552734375,34.18404769897461
566,19,2,61.98855972290039,47.89715576171875
566,142,2,53.56313705444336,23.868173599243164
566,7,1,60.904911041259766,39.657554626464844
566,5,2,58.25227355957031,47.30387496948242
566,15,2,52.943424224853516,38.15195846557617
566,120,1,56.15813446044922,24.099998474121094
567,1,1,63.95563507080078,43.43839645385742
567,6,2,64.03648376464844,53.8888053894043
567,34,1,66.398681640625,55.33901596069336
567,156,1,67.4388198852539,41.902099609375
567,8,1,54.57731246948242,33.603878021240234
567,19,2,62.504066467285156,47.51070022583008
567,142,2,53.9978141784668,23.248838424682617
567,7,1,61.35749053955078,39.13954544067383
567,5,2,58.59815216064453,46.88554000854492
567,15,2,53.355525970458984,37.62798309326172
567,120,1,56.65127944946289,23.341001510620117
568,1,1,64.07746124267578,43.53199768066406
568,6,2,64.02975463867188,53.93864059448242
568,34,1,66.4259033203125,55.32611846923828
568,8,1,54.64344787597656,33.816349029541016
568,19,2,62.61445236206055,47.51039123535156
568,142,2,53.99951934814453,23.355224609375
568,5,2,58.585548400878906,47.02712631225586
568,15,2,53.425331115722656,37.71778869628906
568,120,1,56.649967193603516,23.44781494140625
569,1,1,64.31410217285156,43.63820266723633
569,6,2,64.12216186523438,54.00078201293945
569,34,1,66.56800079345703,55.192142486572266
569,8,1,54.85374450683594,33.69964599609375
569,19,2,62.83866500854492,47.607765197753906
569,142,2,54.14799880981445,23.32944679260254
569,5,2,58.700069427490234,47.018585205078125
569,15,2,53.6182746887207,37.71712875366211
569,120,1,56.82771301269531,23.427345275878906
569,7,1,61.5494384765625,39.21452331542969
569,156,1,67.84788513183594,41.919246673583984
570,1,1,64.33567810058594,43.64257049560547
570,6,2,64.08141326904297,53.92236328125
570,34,1,66.49435424804688,55.1771354675293
570,8,1,54.847232818603516,33.81349563598633
570,19,2,62.87936019897461,47.616024017333984
570,142,2,54.03498077392578,23.451976776123047
570,5,2,58.639305114746094,47.00625228881836
570,15,2,53.573081970214844,37.708003997802734
570,120,1,56.74705123901367,23.411209106445312
570,7,1,61.52676773071289,39.20994567871094
570,156,1,67.91547393798828,41.8322639465332
571,1,1,64.05290985107422,43.59710693359375
571,6,2,63.74829864501953,53.93336868286133
571,34,1,66.17916870117188,55.121463775634766
571,8,1,54.51334762573242,33.76060104370117
571,19,2,62.618526458740234,47.65732192993164
571,142,2,53.60700607299805,23.384416580200195
571,5,2,58.31395721435547,46.95061111450195
571,15,2,53.22953414916992,37.75519943237305
571,120,1,56.30595779418945,23.48777961730957
571,7,1,61.18483352661133,39.153907775878906
571,156,1,67.64431762695312,41.890655517578125
572,1,1,64.07221984863281,43.610267639160156
572,6,2,63.70920181274414,53.932281494140625
572,34,1,66.1218032836914,55.11650848388672
572,8,1,54.506126403808594,33.885196685791016
572,19,2,62.6719856262207,47.592647552490234
572,142,2,53.525733947753906,23.382369995117188
572,5,2,58.25175476074219,46.94615936279297
572,15,2,53.1980094909668,37.96535110473633
572,120,1,56.23332977294922,23.341161727905273
572,7,1,61.16017150878906,39.15915298461914
572,156,1,67.730224609375,42.0181999206543
573,1,1,64.33946990966797,43.73749542236328
573,6,2,63.861785888671875,53.94774627685547
573,34,1,66.29068756103516,55.06698226928711
573,8,1,54.79323196411133,33.917457580566406
573,19,2,62.98110580444336,47.63667297363281
573,142,2,53.767974853515625,23.398544311523438
573,5,2,58.42700958251953,47.04631423950195
573,15,2,53.44279861450195,38.09466552734375
573,120,1,56.50507736206055,23.362804412841797
573,7,1,61.37596130371094,39.28352355957031
573,156,1,68.02371978759766,42.25515365600586
574,1,1,64.38257598876953,43.746219635009766
574,6,2,63.805992126464844,53.93638229370117
574,34,1,66.21696472167969,55.05195999145508
574,8,1,54.7758674621582,33.79912185668945
574,19,2,63.042152404785156,47.6490592956543
574,142,2,53.66117477416992,23.377172470092773
574,5,2,58.34703826904297,47.19579315185547
574,15,2,53.39360427856445,38.18729782104492
574,120,1,56.45130920410156,23.352048873901367
574,7,1,61.390750885009766,39.1824836730957
574,156,1,68.0681381225586,42.26413345336914
575,1,1,64.38629913330078,43.840904235839844
575,6,2,63.731605529785156,53.92123031616211
575,34,1,66.16167449951172,55.04069519042969
575,8,1,54.7457160949707,33.90788650512695
575,19,2,63.08285140991211,47.657318115234375
575,142,2,53.6077766418457,23.366485595703125
575,5,2,58.26630783081055,47.179405212402344
575,15,2,53.385154724121094,38.38992691040039
575,120,1,56.42442321777344,23.346670150756836
575,7,1,61.35332489013672,39.278953552246094
575,156,1,68.06724548339844,42.36355972290039
576,1,1,64.42935180664062,43.84961700439453
576,6,2,63.70906066894531,53.84652328491211
576,34,1,66.16038513183594,54.97163772583008
576,8,1,54.7520751953125,33.79433059692383
576,19,2,63.10320281982422,47.66144561767578
576,142,2,53.54909896850586,23.49942970275879
576,5,2,58.17616271972656,47.24366760253906
576,15,2,53.35858917236328,38.486328125
576,120,1,56.39753723144531,23.341291427612305
576,7,1,61.330684661865234,39.27437973022461
576,156,1,68.08758544921875,42.56612777709961
577,1,1,64.45451354980469,43.948402404785156
577,6,2,63.620025634765625,53.898502349853516
577,34,1,66.15908813476562,54.902435302734375
577,8,1,54.7520751953125,33.79433059692383
577,19,2,63.12355422973633,47.66557693481445
577,142,2,53.4691276550293,23.48342514038086
577,5,2,58.07695007324219,47.3880729675293
577,15,2,53.35858917236328,38.486328125
577,120,1,56.37065505981445,23.335914611816406
577,7,1,61.330684661865234,39.27437973022461
577,156,1,68.15396118164062,42.57954406738281
578,1,1,64.51545715332031,43.867042541503906
578,6,2,63.58283233642578,53.890926361083984
578,34,1,66.15779113769531,54.83308029174805
578,8,1,54.80609893798828,33.6900520324707
578,19,2,63.16425323486328,47.67383575439453
578,142,2,53.442474365234375,23.478090286254883
578,5,2,58.01832962036133,47.53994369506836
578,15,2,53.35858917236328,38.486328125
578,120,1,56.334102630615234,23.47515106201172
578,7,1,61.330684661865234,39.27437973022461
578,156,1,68.19715118408203,42.6871223449707
579,1,1,64.55850982666016,43.87575912475586
579,6,2,63.54563903808594,53.88335037231445
579,34,1,66.15648651123047,54.76357650756836
579,8,1,54.85374450683594,33.69964599609375
579,19,2,63.18460464477539,47.67796325683594
579,142,2,53.41075897216797,23.615976333618164
579,5,2,57.94904327392578,47.607479095458984
579,15,2,53.38094711303711,38.4908447265625
579,120,1,56.30725860595703,23.46977996826172
579,7,1,61.330684661865234,39.27437973022461
579,156,1,68.23912048339844,42.892547607421875
580,1,1,64.60155487060547,43.88447189331055
580,6,2,63.527042388916016,53.87956237792969
580,34,1,66.10096740722656,54.75226593017578
580,8,1,54.91860580444336,33.8278694152832
580,19,2,63.204952239990234,47.68209457397461
580,142,2,53.35752868652344,23.605323791503906
580,5,2,57.92900466918945,47.60340881347656
580,15,2,53.40330505371094,38.495361328125
580,120,1,56.280418395996094,23.46441078186035
580,7,1,61.29338455200195,39.370601654052734
580,156,1,68.30524444580078,42.90591812133789
581,1,1,64.62308502197266,43.88882827758789
581,6,2,63.508445739746094,53.87577438354492
581,34,1,66.04544067382812,54.7409553527832
581,8,1,54.9661865234375,33.83745193481445
581,19,2,63.240779876708984,47.60538101196289
581,142,2,53.32599639892578,23.742799758911133
581,5,2,57.88892364501953,47.595272064208984
581,15,2,53.425662994384766,38.4998779296875
581,120,1,56.253578186035156,23.45903968811035
581,7,1,61.25618362426758,39.46656799316406
581,156,1,68.34932708740234,42.914833068847656
582,1,1,64.53307342529297,45.11372375488281
582,6,2,63.405609130859375,54.71687316894531
582,34,1,65.89131164550781,55.56270217895508
582,8,1,55.080055236816406,35.15931701660156
582,19,2,63.17229461669922,48.6251220703125
582,142,2,53.37218475341797,25.5090389251709
582,5,2,57.8674430847168,48.51377868652344
582,15,2,53.51613235473633,40.059898376464844
582,120,1,56.25367736816406,25.10841941833496
582,7,1,61.175865173339844,40.81863021850586
582,156,1,68.21688079833984,44.094024658203125
583,1,1,64.6728744506836,44.086063385009766
583,6,2,63.48566436767578,53.801021575927734
583,34,1,65.9714126586914,54.72587203979492
583,8,1,55.068153381347656,33.74282455444336
583,19,2,63.337890625,47.540897369384766
583,142,2,53.29456329345703,23.879850387573242
583,5,2,57.88691329956055,47.43147277832031
583,15,2,53.50202178955078,38.81903076171875
583,120,1,56.236236572265625,23.309024810791016
583,7,1,61.227115631103516,39.666839599609375
583,156,1,68.45954132080078,42.93711471557617
584,1,1,64.69766998291016,44.1843147277832
584,6,2,63.44843292236328,53.79343795776367
584,34,1,65.93439483642578,54.71833038330078
584,8,1,55.139625549316406,33.75721740722656
584,19,2,63.342655181884766,47.62604904174805
584,142,2,53.26803207397461,23.87453842163086
584,5,2,57.86682891845703,47.42739486694336
584,15,2,53.546566009521484,38.828033447265625
584,120,1,56.236236572265625,23.309024810791016
584,7,1,61.2496337890625,39.671390533447266
584,156,1,68.5712890625,42.86136245727539
585,1,1,64.74056243896484,44.192996978759766
585,6,2,63.41120147705078,53.78585433959961
585,34,1,65.89737701416016,54.71078872680664
585,8,1,55.21110153198242,33.77161407470703
585,19,2,63.40378189086914,47.63845443725586
585,142,2,53.24150085449219,23.86922836303711
585,5,2,57.85573959350586,47.343162536621094
585,15,2,53.56884002685547,38.83253479003906
585,120,1,56.236236572265625,23.309024810791016
585,7,1,61.2496337890625,39.671390533447266
585,156,1,68.61542510986328,42.87028503417969
586,1,1,64.74382781982422,44.286659240722656
586,6,2,63.37397003173828,53.77827072143555
586,34,1,65.87887573242188,54.7070198059082
586,8,1,55.23492431640625,33.77640914916992
586,19,2,63.42881393432617,47.72751998901367
586,142,2,53.24150085449219,23.86922836303711
586,5,2,57.844627380371094,47.25873565673828
586,15,2,53.59111404418945,38.837032318115234
586,120,1,56.236236572265625,23.309024810791016
586,7,1,61.2496337890625,39.671390533447266
586,156,1,68.6595687866211,42.87921142578125
587,1,1,64.76847839355469,44.38441848754883
587,6,2,63.35535430908203,53.774478912353516
587,34,1,65.87727355957031,54.63731002807617
587,8,1,55.258750915527344,33.78120803833008
587,19,2,63.45378494262695,47.81637954711914
587,142,2,53.210243225097656,24.005870819091797
587,5,2,57.824493408203125,47.25464630126953
587,15,2,53.61338424682617,38.84153366088867
587,120,1,56.236236572265625,23.309024810791016
587,7,1,61.2496337890625,39.671390533447266
587,156,1,68.681640625,42.88367462158203
588,1,1,64.78667449951172,44.29533386230469
588,6,2,63.351016998291016,53.703330993652344
588,34,1,65.8587417602539,54.6335334777832
588,8,1,55.28257369995117,33.786006927490234
588,19,2,63.47411346435547,47.82050323486328
588,142,2,53.18843460083008,23.858604431152344
588,5,2,57.752864837646484,47.15774154663086
588,15,2,53.65793228149414,38.85053634643555
588,120,1,56.236236572265625,23.309024810791016
588,7,1,61.23512649536133,39.7711296081543
588,156,1,68.77172088623047,42.80328369140625
589,1,1,64.80809020996094,44.29966735839844
589,6,2,63.33238220214844,53.69953536987305
589,34,1,65.82169342041016,54.62598419189453
589,8,1,55.33022689819336,33.79560089111328
589,19,2,63.51021957397461,47.744041442871094
589,142,2,53.18843460083008,23.858604431152344
589,5,2,57.660884857177734,47.056514739990234
589,15,2,53.70248031616211,38.859535217285156
589,120,1,56.236236572265625,23.309024810791016
589,7,1,61.23512649536133,39.7711296081543
589,156,1,68.7938232421875,42.8077507019043
590,1,1,64.82951354980469,44.30400466918945
590,6,2,63.313743591308594,53.69573974609375
590,34,1,65.83856964111328,54.55989074707031
590,8,1,55.3851318359375,33.6911735534668
590,19,2,63.56229019165039,47.586429595947266
590,142,2,53.161903381347656,23.853294372558594
590,5,2,57.609100341796875,46.963253021240234
590,15,2,53.77399826049805,38.77300262451172
590,120,1,56.22673416137695,23.453670501708984
590,7,1,61.20622634887695,39.969825744628906
590,156,1,68.8861083984375,42.62844467163086
591,1,1,64.8509292602539,44.30834197998047
591,6,2,63.295108795166016,53.69194412231445
591,34,1,65.8538589477539,54.423492431640625
591,8,1,55.4328498840332,33.700782775878906
591,19,2,63.63062286376953,47.346527099609375
591,142,2,53.1353759765625,23.84798240661621
591,5,2,57.557193756103516,46.869773864746094
591,15,2,53.86320877075195,38.7910270690918
591,120,1,56.236236572265625,23.309024810791016
591,7,1,61.22865676879883,39.97435760498047
591,156,1,68.930419921875,42.63740158081055
592,1,1,64.87235260009766,44.312679290771484
592,6,2,63.30495834350586,53.5529670715332
592,34,1,65.83195495605469,54.27891540527344
592,8,1,55.49700927734375,33.82918930053711
592,19,2,63.63062286376953,47.346527099609375
592,142,2,53.1353759765625,23.84798240661621
592,5,2,57.53410720825195,46.69861602783203
592,15,2,53.95242691040039,38.809051513671875
592,120,1,56.263118743896484,23.314401626586914
592,7,1,61.236637115478516,40.07783889770508
592,156,1,68.99898529052734,42.55189514160156
593,1,1,64.9090805053711,44.133880615234375
593,6,2,63.267608642578125,53.54536056518555
593,34,1,65.79299926757812,54.2006950378418
593,8,1,55.57600784301758,33.729610443115234
593,19,2,63.65109634399414,47.35068130493164
593,142,2,53.1353759765625,23.84798240661621
593,5,2,57.53410720825195,46.69861602783203
593,15,2,54.01933670043945,38.82257080078125
593,120,1,56.263118743896484,23.314401626586914
593,7,1,61.236637115478516,40.07783889770508
594,1,1,64.96752166748047,43.95854568481445
594,6,2,63.27742004394531,53.405765533447266
594,34,1,65.75570678710938,54.19309997558594
594,8,1,55.66379928588867,33.86277770996094
594,19,2,63.68767166137695,47.273109436035156
594,142,2,53.161903381347656,23.853294372558594
594,5,2,57.5456657409668,46.78429412841797
594,15,2,54.130863189697266,38.8451042175293
594,120,1,56.290000915527344,23.319780349731445
594,7,1,61.29595184326172,39.987953186035156
595,1,1,65.04783630371094,43.78670120239258
595,6,2,63.239990234375,53.39814376831055
595,34,1,65.737060546875,54.189300537109375
595,8,1,55.703758239746094,33.985992431640625
595,19,2,63.708168029785156,47.27726745605469
595,142,2,53.183753967285156,24.000566482543945
595,5,2,57.57465744018555,46.706844329833984
595,15,2,54.197776794433594,38.85862350463867
595,120,1,56.31688690185547,23.325157165527344
595,7,1,61.31838607788086,39.99248123168945
596,1,1,65.09100341796875,43.79543685913086
596,6,2,63.235504150390625,53.326202392578125
596,34,1,65.70156860351562,54.252357482910156
596,8,1,55.74360656738281,34.10887145996094
596,19,2,63.69204330444336,47.35898971557617
596,142,2,53.18843460083008,23.858604431152344
596,5,2,57.63547897338867,46.71918869018555
596,15,2,54.28700256347656,38.876651763916016
596,120,1,56.34376907348633,23.330535888671875
596,7,1,61.37788772583008,39.902366638183594
597,1,1,65.1313705444336,43.70920181274414
597,6,2,63.235504150390625,53.326202392578125
597,34,1,65.68294525146484,54.248565673828125
597,8,1,55.791133880615234,34.11844253540039
597,19,2,63.728668212890625,47.281429290771484
597,142,2,53.214969635009766,23.863916397094727
597,5,2,57.68490982055664,46.645687103271484
597,15,2,54.376224517822266,38.89468002319336
597,120,1,56.37065505981445,23.335914611816406
597,7,1,61.46773910522461,39.92051696777344
598,1,1,66.15349578857422,46.13853073120117
598,6,2,64.13726043701172,55.18818664550781
598,34,1,66.49899291992188,56.072227478027344
598,8,1,57.21784973144531,37.30881118774414
598,19,2,64.7021484375,49.56294250488281
598,142,2,54.85760498046875,27.668140411376953
598,5,2,58.88302993774414,48.779476165771484
598,15,2,55.786476135253906,41.74456787109375
598,120,1,57.90298843383789,27.340612411499023
598,7,1,62.55999755859375,42.638916015625
599,1,1,65.23406982421875,43.54045867919922
599,6,2,63.26852035522461,53.261741638183594
599,34,1,65.6606216430664,54.10329818725586
599,8,1,55.90199661254883,34.25531005859375
599,19,2,63.765380859375,47.20368194580078
599,142,2,53.24150085449219,23.86922836303711
599,5,2,57.852149963378906,46.25898742675781
599,15,2,54.59929656982422,38.93975067138672
599,120,1,56.42442321777344,23.346670150756836
599,7,1,61.400352478027344,39.90690231323242
600,1,1,65.27476501464844,43.45357131958008
600,6,2,63.26852035522461,53.261741638183594
600,34,1,65.623291015625,54.09569549560547
600,8,1,55.97319030761719,34.269649505615234
600,19,2,63.7859001159668,47.20784378051758
600,142,2,53.24150085449219,23.86922836303711
600,5,2,57.902191162109375,46.184410095214844
600,15,2,54.68852615356445,38.95777893066406
600,120,1,56.42442321777344,23.346670150756836
600,7,1,61.34757995605469,39.79384231567383
601,1,1,65.33472442626953,43.274742126464844
601,6,2,63.24976348876953,53.2579231262207
601,34,1,65.53195190429688,54.147525787353516
601,8,1,55.99692153930664,34.27442932128906
601,19,2,63.78163146972656,47.121578216552734
601,142,2,53.214969635009766,23.863916397094727
601,5,2,57.952354431152344,46.109657287597656
601,15,2,54.75545120239258,38.97129821777344
601,120,1,56.45130920410156,23.352048873901367
601,7,1,61.28010940551758,39.78021240234375
602,1,1,65.39747619628906,43.191593170166016
602,6,2,63.212249755859375,53.25028610229492
602,34,1,65.45736694335938,54.1323356628418
602,8,1,56.036258697509766,34.39657974243164
602,19,2,63.77735137939453,47.03511047363281
602,142,2,53.21970748901367,23.72152328491211
602,5,2,58.00263595581055,46.034725189208984
602,15,2,54.82238006591797,38.98482131958008
602,120,1,56.47819519042969,23.357425689697266
602,7,1,61.24311828613281,39.875144958496094
603,1,1,65.43614196777344,43.00699996948242
603,6,2,63.15597915649414,53.238826751708984
603,34,1,65.3827896118164,54.11714553833008
603,8,1,56.09184646606445,34.293548583984375
603,19,2,63.7730598449707,46.94843292236328
603,142,2,53.197845458984375,23.573362350463867
603,5,2,58.07355880737305,45.96377182006836
603,15,2,54.86699676513672,38.99383544921875
603,120,1,56.50507736206055,23.362804412841797
603,7,1,61.22865676879883,39.97435760498047
604,1,1,65.49689483642578,42.82589340209961
604,6,2,63.080955505371094,53.22355270385742
604,34,1,65.32685852050781,54.10575485229492
604,8,1,56.13930892944336,34.3031120300293
604,19,2,63.736209869384766,47.026763916015625
604,142,2,53.197845458984375,23.573362350463867
604,5,2,58.144649505615234,45.89265441894531
604,15,2,54.91780090332031,38.90283966064453
604,120,1,56.53196334838867,23.368183135986328
604,7,1,61.20622634887695,39.969825744628906
605,1,1,65.51878356933594,42.830322265625
605,6,2,63.00593566894531,53.208274841308594
605,34,1,65.30821228027344,54.101959228515625
605,8,1,56.186771392822266,34.31267166137695
605,19,2,63.736209869384766,47.026763916015625
605,142,2,53.197845458984375,23.573362350463867
605,5,2,58.22556686401367,45.737369537353516
605,15,2,54.96247863769531,38.911865234375
605,120,1,56.5588493347168,23.373559951782227
605,7,1,61.22865676879883,39.97435760498047
606,1,1,65.56025695800781,42.741641998291016
606,6,2,63.001182556152344,53.13597106933594
606,34,1,65.27091979980469,54.094364166259766
606,8,1,56.23423767089844,34.32223129272461
606,19,2,63.71998977661133,47.10907745361328
606,142,2,53.22446060180664,23.578689575195312
606,5,2,58.33734130859375,45.50094223022461
606,15,2,55.05821228027344,38.829681396484375
606,120,1,56.58573532104492,23.378938674926758
606,7,1,61.236637115478516,40.07783889770508
607,1,1,65.60183715820312,42.65273666381836
607,6,2,62.96363067626953,53.128326416015625
607,34,1,65.2313232421875,54.015865325927734
607,8,1,56.28170394897461,34.331790924072266
607,19,2,63.71998977661133,47.10907745361328
607,142,2,53.22446060180664,23.578689575195312
607,5,2,58.43993377685547,45.34797286987305
607,15,2,55.131797790527344,38.74275588989258
607,120,1,56.58573532104492,23.378938674926758
607,7,1,61.25904083251953,40.08236312866211
608,1,1,65.6215591430664,42.559165954589844
608,6,2,62.940032958984375,53.052032470703125
608,34,1,65.21031951904297,53.941001892089844
608,8,1,56.352901458740234,34.346134185791016
608,19,2,63.69944381713867,47.10490798950195
608,142,2,53.246280670166016,23.726842880249023
608,5,2,58.56378936767578,45.19847106933594
608,15,2,55.22800827026367,38.660133361816406
608,120,1,56.61262130737305,23.38431739807129
608,7,1,61.34865188598633,40.100467681884766
609,1,1,65.66114807128906,42.37129592895508
609,6,2,62.9163818359375,52.97557067871094
609,34,1,65.15666198730469,54.00065994262695
609,8,1,56.41545486450195,34.47296142578125
609,19,2,63.658348083496094,47.09657287597656
609,142,2,53.272850036621094,23.732160568237305
609,5,2,58.67792510986328,45.13398742675781
609,15,2,55.30200958251953,38.572757720947266
609,120,1,56.63950729370117,23.38969612121582
609,7,1,61.45298385620117,40.01967239379883
610,1,1,65.6589584350586,42.272544860839844
610,6,2,62.85500717163086,52.891273498535156
610,34,1,65.10066986083984,53.9892578125
610,19,2,63.63780212402344,47.0924072265625
610,142,2,53.272850036621094,23.732160568237305
610,5,2,58.750701904296875,45.06090545654297
610,15,2,55.3762092590332,38.48514938354492
610,120,1,56.61262130737305,23.38431739807129
610,7,1,61.550289154052734,40.14120101928711
611,1,1,65.67884826660156,42.178001403808594
611,6,2,62.784671783447266,52.94875717163086
611,34,1,65.02601623535156,53.97405242919922
611,19,2,63.596710205078125,47.08407211303711
611,142,2,53.29942321777344,23.73748016357422
611,5,2,58.844505310058594,44.99186706542969
611,15,2,55.466156005859375,38.503318786621094
611,120,1,56.62274169921875,23.239330291748047
611,7,1,61.61750411987305,40.154781341552734
611,8,1,56.510257720947266,34.49205780029297
612,1,1,65.67668151855469,42.0787467956543
612,6,2,62.747039794921875,52.94109344482422
612,34,1,64.9539794921875,54.02981185913086
612,19,2,63.596710205078125,47.08407211303711
612,142,2,53.352569580078125,23.748119354248047
612,5,2,58.9701042175293,44.84058380126953
612,15,2,55.526588439941406,38.61811828613281
612,120,1,56.5958137512207,23.233943939208984
612,7,1,61.67710876464844,40.36977767944336
612,8,1,56.55766296386719,34.501609802246094
613,1,1,65.63246154785156,42.06980514526367
613,6,2,62.709407806396484,52.933433532714844
613,34,1,64.89805603027344,54.0184211730957
613,19,2,63.57616424560547,47.07990264892578
613,142,2,53.352569580078125,23.748119354248047
613,5,2,59.10636520385742,44.779502868652344
613,15,2,55.593963623046875,38.6317253112793
613,120,1,56.57895278930664,23.083099365234375
613,7,1,61.7291145324707,40.48136901855469
613,8,1,56.605064392089844,34.51115798950195
614,1,1,65.5882339477539,42.06086730957031
614,6,2,62.69059371948242,52.929603576660156
614,34,1,64.86347961425781,54.0816535949707
614,19,2,63.560157775878906,47.162052154541016
614,142,2,53.379146575927734,23.753437042236328
614,5,2,59.25282287597656,44.80918502807617
614,15,2,55.683799743652344,38.649871826171875
614,120,1,56.57895278930664,23.083099365234375
614,7,1,61.80327606201172,40.5971794128418
614,8,1,56.652469635009766,34.52070617675781
615,1,1,65.56381225585938,41.95685958862305
615,6,2,62.66664505004883,52.85292434692383
615,34,1,64.80760955810547,54.070274353027344
615,19,2,63.544185638427734,47.24400329589844
615,142,2,53.3841438293457,23.61065101623535
615,5,2,59.368648529052734,44.743743896484375
615,15,2,55.758506774902344,38.56236267089844
615,120,1,56.57895278930664,23.083099365234375
615,7,1,61.854984283447266,40.70819091796875
615,8,1,56.690860748291016,34.64236068725586
616,1,1,65.56148529052734,41.8570671081543
616,6,2,62.591304779052734,52.837589263916016
616,34,1,64.73596954345703,54.12580490112305
616,19,2,63.5646858215332,47.24816131591797
616,142,2,53.3841438293457,23.61065101623535
616,5,2,59.46378707885742,44.673892974853516
616,15,2,55.81855773925781,38.67708969116211
616,120,1,56.57895278930664,23.083099365234375
616,7,1,61.89950942993164,40.71718978881836
616,8,1,56.738197326660156,34.65189743041992
617,1,1,65.53932189941406,41.85258865356445
617,6,2,62.478294372558594,52.814579010009766
617,34,1,64.66156005859375,54.110652923583984
617,19,2,63.544185638427734,47.24400329589844
617,142,2,53.33091735839844,23.59999656677246
617,5,2,59.52671432495117,44.6866455078125
617,15,2,55.87095260620117,38.5850715637207
617,120,1,56.60592269897461,23.08849334716797
617,7,1,61.9358024597168,40.92487716674805
617,8,1,56.78554153442383,34.661434173583984
618,1,1,65.53932189941406,41.85258865356445
618,6,2,62.36528396606445,52.79157257080078
618,34,1,64.60873413085938,54.169864654541016
618,19,2,63.52368927001953,47.239845275878906
618,142,2,53.30430221557617,23.594669342041016
618,5,2,59.580162048339844,44.608123779296875
618,15,2,55.93842315673828,38.598697662353516
618,120,1,56.5958137512207,23.233943939208984
618,7,1,61.949764251708984,41.12702178955078
618,8,1,56.832881927490234,34.67097091674805
619,1,1,65.5369644165039,41.752532958984375
619,6,2,62.252281188964844,52.76856994628906
619,34,1,64.51583099365234,54.15093994140625
619,19,2,63.50319290161133,47.235687255859375
619,142,2,53.277687072753906,23.58934211730957
619,5,2,59.631591796875,44.7078971862793
619,15,2,56.00589370727539,38.612327575683594
619,120,1,56.568885803222656,23.228557586669922
619,7,1,61.96364974975586,41.32813262939453
619,8,1,56.85655212402344,34.67573928833008
620,1,1,65.51237487792969,41.647727966308594
620,6,2,62.20897674560547,52.68779754638672
620,34,1,64.44151306152344,54.135799407958984
620,19,2,63.47806930541992,47.14540100097656
620,142,2,53.282535552978516,23.446081161499023
620,5,2,59.66416931152344,44.62514877319336
620,15,2,56.028385162353516,38.61686706542969
620,120,1,56.51502990722656,23.217784881591797
620,7,1,62.01469421386719,41.43722152709961
620,8,1,56.903892517089844,34.68527603149414
621,1,1,65.46792602539062,41.63874435424805
621,6,2,62.20332717895508,52.614540100097656
621,34,1,64.40435028076172,54.128231048583984
621,19,2,63.457550048828125,47.141239166259766
621,142,2,53.28740310668945,23.3023738861084
621,5,2,59.6851692199707,44.62940216064453
621,15,2,56.0733642578125,38.625953674316406
621,120,1,56.50507736206055,23.362804412841797
621,7,1,62.118289947509766,41.35939407348633
621,8,1,56.92756652832031,34.69004440307617
622,1,1,65.40379333496094,41.725616455078125
622,6,2,62.20524215698242,52.39764404296875
622,34,1,64.38577270507812,54.124446868896484
622,19,2,63.421207427978516,47.21905517578125
622,142,2,53.28740310668945,23.3023738861084
622,5,2,59.706172943115234,44.63365936279297
622,120,1,56.488101959228516,23.212398529052734
622,7,1,62.16913986206055,41.46844482421875
622,8,1,56.951236724853516,34.6948127746582
623,1,1,65.33720397949219,41.712158203125
623,6,2,62.16164779663086,52.3160285949707
623,34,1,64.33003234863281,54.11309051513672
623,19,2,63.421207427978516,47.21905517578125
623,142,2,53.28740310668945,23.3023738861084
623,5,2,59.6851692199707,44.62940216064453
623,120,1,56.51502990722656,23.217784881591797
623,7,1,62.21985626220703,41.57722091674805
623,8,1,56.951236724853516,34.6948127746582
624,1,1,65.33458709716797,41.611793518066406
624,6,2,62.11217498779297,52.15998458862305
624,34,1,64.26240539550781,54.23880386352539
624,19,2,63.416507720947266,47.132911682128906
624,142,2,53.3091926574707,23.451416015625
624,5,2,59.67579650878906,44.537933349609375
624,120,1,56.498043060302734,23.06691551208496
624,7,1,62.248435974121094,41.681270599365234
624,8,1,56.98431396484375,34.58755111694336
625,1,1,65.31236267089844,41.607303619384766
625,6,2,62.04343795776367,51.99938201904297
625,34,1,64.19166564941406,54.29391098022461
625,19,2,63.3959846496582,47.12874984741211
625,142,2,53.33584976196289,23.456750869750977
625,5,2,59.67579650878906,44.537933349609375
625,120,1,56.498043060302734,23.06691551208496
625,7,1,62.29892349243164,41.78949737548828
625,8,1,56.951236724853516,34.6948127746582
625,15,2,56.21624755859375,38.551937103271484
626,1,1,65.18440246582031,41.470245361328125
626,6,2,61.87262725830078,51.882911682128906
626,34,1,64.04664611816406,54.1871337890625
626,19,2,63.25966262817383,47.09164047241211
626,142,2,53.219879150390625,23.12761878967285
626,5,2,59.579689025878906,44.32867431640625
626,120,1,56.33708572387695,22.721921920776367
626,7,1,62.21869659423828,41.762420654296875
626,8,1,56.816673278808594,34.655094146728516
626,15,2,56.11845779418945,38.417598724365234
627,1,1,65.14202117919922,41.36422348022461
627,6,2,61.781700134277344,51.866546630859375
627,34,1,63.9766845703125,54.174903869628906
627,19,2,63.23313903808594,47.258949279785156
627,142,2,53.22642517089844,23.133153915405273
627,5,2,59.596195220947266,44.24439239501953
627,120,1,56.31650924682617,22.722126007080078
627,7,1,62.2237434387207,41.76628875732422
627,8,1,56.822322845458984,34.65953826904297
627,15,2,56.146419525146484,38.426246643066406
628,1,1,65.24295043945312,41.493186950683594
628,6,2,61.85303497314453,51.960636138916016
628,34,1,64.01008605957031,54.3262825012207
628,19,2,63.369224548339844,47.3782844543457
628,142,2,53.4208869934082,23.329086303710938
628,5,2,59.74129867553711,44.37140655517578
628,120,1,56.4539909362793,22.910173416137695
628,7,1,62.393192291259766,41.90633010864258
628,8,1,56.989166259765625,34.816062927246094
628,15,2,56.306331634521484,38.57012939453125
629,1,1,65.26248168945312,41.396785736083984
629,6,2,61.840824127197266,51.810890197753906
629,34,1,63.97309112548828,54.31874465942383
629,19,2,63.38967514038086,47.3824348449707
629,142,2,53.4208869934082,23.329086303710938
629,5,2,59.750614166259766,44.46330261230469
629,120,1,56.426979064941406,22.90477180480957
629,7,1,62.437095642089844,41.91520690917969
629,8,1,57.0128059387207,34.82082748413086
629,15,2,56.343265533447266,38.68046569824219
630,1,1,65.19564056396484,41.383277893066406
630,6,2,61.80266189575195,51.803123474121094
630,34,1,63.89179229736328,54.50939178466797
630,19,2,63.38967514038086,47.3824348449707
630,142,2,53.36749267578125,23.318401336669922
630,5,2,59.77166748046875,44.467567443847656
630,120,1,56.372955322265625,22.893966674804688
630,7,1,62.465293884277344,42.0184326171875
630,8,1,57.03644561767578,34.82558822631836
630,15,2,56.38010025024414,38.79051208496094
631,1,1,65.1316909790039,41.470699310302734
631,6,2,61.73918533325195,51.71633529663086
631,34,1,63.788818359375,54.62580871582031
631,19,2,63.4258918762207,47.304996490478516
631,142,2,53.32395935058594,23.01897621154785
631,5,2,59.76237487792969,44.37567901611328
631,120,1,56.338375091552734,22.589794158935547
631,7,1,62.5091438293457,42.02730178833008
631,8,1,57.06008529663086,34.830352783203125
631,15,2,56.3944091796875,38.8957405090332
632,1,1,64.95508575439453,41.23629379272461
632,6,2,61.62485122680664,51.3975830078125
632,34,1,63.662418365478516,54.5329475402832
632,19,2,63.36202621459961,47.12375259399414
632,142,2,53.133262634277344,22.544612884521484
632,5,2,59.690032958984375,44.000789642333984
632,120,1,56.20448684692383,22.267215728759766
632,7,1,62.482383728027344,41.82876205444336
632,8,1,57.00213623046875,34.47943878173828
632,15,2,56.328739166259766,38.679805755615234
633,1,1,64.8407974243164,41.33938980102539
633,6,2,61.46109390258789,51.53208541870117
633,34,1,63.5186882019043,54.658180236816406
633,19,2,63.29539108276367,47.131961822509766
633,142,2,53.04544448852539,22.71135139465332
633,5,2,59.589603424072266,44.09446334838867
633,120,1,56.10969161987305,22.436147689819336
633,7,1,62.4458122253418,42.04146194458008
633,8,1,56.9747428894043,34.50305938720703
633,15,2,56.28696060180664,38.9023323059082
634,1,1,64.78933715820312,41.4287223815918
634,6,2,61.32501220703125,51.578155517578125
634,34,1,63.42676544189453,54.77552032470703
634,3,1,52.60380935668945,44.01396179199219
634,19,2,63.27516555786133,47.29746627807617
634,142,2,53.00168228149414,22.848173141479492
634,5,2,59.56825637817383,44.18026351928711
634,120,1,56.06068420410156,22.57474708557129
634,7,1,62.48575210571289,42.14622497558594
634,8,1,56.93068313598633,34.607723236083984
634,15,2,56.31339645385742,39.009124755859375
635,1,1,64.75191497802734,41.47457504272461
635,6,2,61.199371337890625,51.592105865478516
635,34,1,63.34172058105469,54.79450225830078
635,3,1,52.724876403808594,43.99773406982422
635,19,2,63.282596588134766,47.34422302246094
635,142,2,52.966373443603516,22.919042587280273
635,5,2,59.53805923461914,44.04121017456055
635,120,1,55.995384216308594,22.641132354736328
635,7,1,62.50041198730469,42.29780578613281
635,8,1,56.929595947265625,34.554317474365234
635,15,2,56.29597091674805,39.161529541015625
636,1,1,64.82347106933594,41.50849533081055
636,6,2,61.2548713684082,51.543758392333984
636,34,1,63.38268280029297,54.81608200073242
636,3,1,52.99842071533203,44.15756607055664
636,19,2,63.43056869506836,47.39073181152344
636,142,2,53.13650131225586,22.981470108032227
636,5,2,59.6708984375,44.085792541503906
636,120,1,56.112220764160156,22.693431854248047
636,7,1,62.70235824584961,42.35747146606445
636,8,1,57.08869552612305,34.49433898925781
636,15,2,56.45945358276367,39.21430206298828
637,1,1,64.7568130493164,41.49502182006836
637,6,2,61.178382873535156,51.5281982421875
637,34,1,63.346046447753906,54.808616638183594
637,3,1,53.101993560791016,44.17856216430664
637,19,2,63.451019287109375,47.39487838745117
637,142,2,53.0516471862793,23.110071182250977
637,5,2,59.649742126464844,44.08150863647461
637,120,1,56.02183151245117,22.823747634887695
637,7,1,62.69236373901367,42.54828643798828
637,8,1,57.06496047973633,34.489559173583984
637,15,2,56.4818000793457,39.21881866455078
638,1,1,64.71578979492188,41.58655548095703
638,6,2,61.152366638183594,51.448707580566406
638,34,1,63.29541778564453,54.86619186401367
638,3,1,53.20556640625,44.199562072753906
638,19,2,63.451019287109375,47.39487838745117
638,142,2,53.020442962646484,23.248952865600586
638,5,2,59.616943359375,44.16553497314453
638,120,1,55.967811584472656,22.812944412231445
638,7,1,62.720027923583984,42.64993667602539
638,8,1,57.08409881591797,34.26398849487305
638,15,2,56.47358322143555,39.31843566894531
639,1,1,64.66793060302734,41.47705841064453
639,6,2,61.12629318237305,51.369041442871094
639,34,1,63.222225189208984,54.85127258300781
639,3,1,53.3505744934082,44.22896194458008
639,19,2,63.451019287109375,47.39487838745117
639,142,2,52.96705627441406,23.23826789855957
639,5,2,59.616943359375,44.16553497314453
639,120,1,55.90475845336914,22.948257446289062
639,7,1,62.725887298583984,42.74693298339844
639,8,1,57.06496047973633,34.489559173583984
639,15,2,56.451263427734375,39.313926696777344
640,1,1,64.4446029663086,41.467403411865234
640,6,2,60.92074203491211,51.204551696777344
640,34,1,62.98861312866211,54.89543533325195
640,3,1,53.31665802001953,44.16577911376953
640,19,2,63.28688049316406,47.39164352416992
640,142,2,52.7278938293457,23.3863525390625
640,5,2,59.384090423583984,44.331031799316406
640,120,1,55.647247314453125,22.801424026489258
640,7,1,62.54826354980469,43.030696868896484
640,8,1,56.88684844970703,34.379852294921875
640,15,2,56.25303649902344,39.309783935546875
641,1,1,64.38703155517578,41.6897087097168
641,6,2,60.8776741027832,51.14717483520508
641,34,1,62.93130874633789,55.1094856262207
641,3,1,53.46766662597656,44.22694778442383
641,19,2,63.36558151245117,47.3525505065918
641,142,2,52.739864349365234,23.294836044311523
641,5,2,59.37623977661133,44.45077133178711
641,120,1,55.653709411621094,22.85445213317871
641,7,1,62.568477630615234,43.35129928588867
641,8,1,56.939430236816406,34.43050765991211
641,15,2,56.280399322509766,39.350643157958984
642,1,1,64.41140747070312,42.25038146972656
642,6,2,60.975887298583984,51.36408615112305
642,34,1,62.93723678588867,55.420719146728516
642,3,1,53.782989501953125,44.520626068115234
642,19,2,63.559810638427734,47.530643463134766
642,142,2,52.96662139892578,23.576679229736328
642,5,2,59.54001235961914,44.809139251708984
642,120,1,55.88461685180664,22.99509620666504
642,7,1,62.83814239501953,43.18312454223633
642,8,1,57.14600372314453,34.77323532104492
642,15,2,56.47665023803711,39.65589904785156
642,252,1,61.90187454223633,34.225955963134766
643,1,1,64.23989868164062,41.8598747253418
643,6,2,60.7357177734375,51.04484176635742
643,34,1,62.717628479003906,55.13429641723633
643,3,1,53.72072982788086,44.192527770996094
643,19,2,63.40162658691406,47.27666091918945
643,142,2,52.694549560546875,22.99852752685547
643,5,2,59.38591766357422,44.54409408569336
643,120,1,55.63420104980469,22.258424758911133
643,7,1,62.73167037963867,42.52971267700195
643,8,1,56.958221435546875,34.2069091796875
643,15,2,56.26604080200195,39.24860763549805
643,252,1,61.749305725097656,33.766231536865234
644,1,1,64.287841796875,41.89678192138672
644,6,2,60.77119445800781,50.997703552246094
644,34,1,62.75755310058594,55.16090393066406
644,3,1,53.95596694946289,44.26433563232422
644,19,2,63.51236343383789,47.407325744628906
644,142,2,52.8110237121582,23.061922073364258
644,5,2,59.57065963745117,44.516632080078125
644,120,1,55.68812942504883,22.45977783203125
644,7,1,62.882789611816406,42.490509033203125
644,8,1,57.10790252685547,34.26877975463867
644,15,2,56.39043045043945,39.50341033935547
644,252,1,61.875606536865234,33.82447052001953
645,1,1,64.24768829345703,41.98720932006836
645,6,2,60.6631965637207,51.050758361816406
645,34,1,62.66335678100586,55.34195327758789
645,3,1,54.059688568115234,44.285362243652344
645,19,2,63.516929626464844,47.49283981323242
645,142,2,52.753501892089844,23.195533752441406
645,5,2,59.61271667480469,44.52515411376953
645,120,1,55.59827423095703,22.590660095214844
645,7,1,62.882789611816406,42.490509033203125
645,8,1,57.08409881591797,34.26398849487305
645,15,2,56.36817169189453,39.4989128112793
646,1,1,64.23960876464844,42.3215217590332
646,6,2,60.662349700927734,51.23207473754883
646,34,1,62.631248474121094,55.62870407104492
646,3,1,54.26420211791992,44.538612365722656
646,19,2,63.56894302368164,47.70796585083008
646,142,2,52.782005310058594,23.55177116394043
646,5,2,59.708072662353516,44.850643157958984
646,120,1,55.60778045654297,23.099332809448242
646,7,1,62.940277099609375,42.735565185546875
646,8,1,57.16619873046875,34.558921813964844
646,15,2,56.4390869140625,39.8567008972168
647,1,1,64.18561553955078,42.07295608520508
647,6,2,60.53623962402344,51.099788665771484
647,34,1,62.5285530090332,55.447269439697266
647,3,1,54.31365203857422,44.24927520751953
647,19,2,63.537357330322266,47.49698257446289
647,142,2,52.62004089355469,23.168825149536133
647,5,2,59.66194534301758,44.80318069458008
647,120,1,55.454689025878906,22.7103271484375
647,7,1,62.904605865478516,42.49492263793945
647,8,1,57.05074691772461,34.37213897705078
647,15,2,56.35211181640625,39.6963996887207
648,1,1,64.19007873535156,42.45417785644531
648,6,2,60.498538970947266,51.381980895996094
648,34,1,62.47203826904297,55.75832748413086
648,3,1,54.49327087402344,44.538509368896484
648,19,2,63.62137985229492,47.75765609741211
648,142,2,52.67609405517578,23.453584671020508
648,12,2,52.627960205078125,43.63420104980469
648,5,2,59.803466796875,45.08855056762695
648,120,1,55.48442840576172,22.848447799682617
648,7,1,62.991127014160156,42.694557189941406
648,8,1,57.093685150146484,34.82502746582031
648,15,2,56.417816162109375,40.09748840332031
649,1,1,64.10587310791016,42.25266647338867
649,6,2,60.340667724609375,51.20921325683594
649,34,1,62.350685119628906,55.6749267578125
649,3,1,54.51609420776367,44.377891540527344
649,19,2,63.57820510864258,47.505271911621094
649,12,2,52.667537689208984,43.4745979309082
649,5,2,59.84135818481445,44.750404357910156
649,120,1,55.371273040771484,22.247108459472656
649,7,1,62.96448516845703,42.410491943359375
649,8,1,56.979434967041016,34.3577766418457
649,15,2,56.35828399658203,39.897342681884766
650,1,1,64.10587310791016,42.25266647338867
650,6,2,60.20655059814453,51.18193054199219
650,34,1,62.283966064453125,55.726959228515625
650,3,1,54.593719482421875,44.480995178222656
650,19,2,63.598628997802734,47.50941467285156
650,12,2,52.786460876464844,43.67573547363281
650,5,2,59.89241027832031,44.849884033203125
650,120,1,55.352352142333984,22.09354019165039
650,7,1,63.024513244628906,42.325843811035156
650,8,1,56.970008850097656,34.47043228149414
650,15,2,56.380428314208984,39.901817321777344
651,1,1,63.96342086791992,42.50712585449219
651,6,2,59.996551513671875,51.50278091430664
651,34,1,62.100990295410156,55.87993621826172
651,3,1,54.5750732421875,44.7303581237793
651,19,2,63.50856399536133,47.73624801635742
651,12,2,52.7916374206543,44.02052307128906
651,5,2,59.81964874267578,45.357635498046875
651,120,1,55.18129348754883,22.642484664916992
651,7,1,62.908409118652344,42.58344268798828
651,8,1,56.86823654174805,34.7816162109375
651,15,2,56.287654876708984,40.17190933227539
651,236,1,68.83904266357422,30.56452178955078
652,1,1,64.10587310791016,42.25266647338867
652,6,2,60.08053970336914,51.230648040771484
652,34,1,62.09160232543945,55.75322341918945
652,3,1,54.76506423950195,44.42836380004883
652,19,2,63.67595291137695,47.440513610839844
652,12,2,52.98453903198242,43.97983932495117
652,5,2,59.98814010620117,45.39958953857422
652,120,1,55.23561477661133,22.219985961914062
652,7,1,63.04638671875,42.330265045166016
652,8,1,57.01748275756836,34.47999572753906
652,15,2,56.424720764160156,39.910770416259766
653,1,1,64.10587310791016,42.25266647338867
653,6,2,60.06950759887695,51.302589416503906
653,34,1,62.05011749267578,55.679264068603516
653,3,1,54.827308654785156,44.440982818603516
653,19,2,63.716854095458984,47.44881057739258
653,12,2,53.0640754699707,44.083526611328125
653,5,2,60.10966110229492,45.59929275512695
653,120,1,55.2084846496582,22.214561462402344
653,7,1,63.06279754638672,42.236549377441406
653,8,1,56.98431396484375,34.58755111694336
653,15,2,56.44686508178711,39.91524887084961
654,1,1,64.10587310791016,42.25266647338867
654,6,2,60.05849838256836,51.37437438964844
654,34,1,62.01414489746094,55.67192840576172
654,3,1,54.910301208496094,44.45780944824219
654,19,2,63.7739372253418,47.37560272216797
654,12,2,53.16413497924805,44.191162109375
654,5,2,60.18920135498047,45.78964614868164
654,120,1,55.146339416503906,22.3514461517334
654,7,1,63.08469772338867,42.2409782409668
654,8,1,57.008018493652344,34.59232711791992
654,15,2,56.46901321411133,39.91972351074219
655,1,1,64.066162109375,42.34217834472656
655,6,2,59.99844741821289,51.509708404541016
655,34,1,61.97816848754883,55.664588928222656
655,3,1,54.9932975769043,44.474632263183594
655,19,2,63.7901611328125,47.29390335083008
655,12,2,53.226280212402344,44.20376205444336
655,5,2,60.25984573364258,45.890769958496094
655,120,1,55.1192512512207,22.346031188964844
655,7,1,63.117698669433594,42.05283737182617
655,8,1,57.01748275756836,34.47999572753906
655,15,2,56.46901321411133,39.91972351074219
655,236,1,68.9780044555664,30.07079315185547
656,1,1,64.04422760009766,42.33774185180664
656,6,2,59.919654846191406,51.64057540893555
656,34,1,61.91191482543945,55.716575622558594
656,3,1,55.076297760009766,44.491458892822266
656,19,2,63.82694625854492,47.21617126464844
656,12,2,53.288429260253906,44.21636199951172
656,5,2,60.36323165893555,45.91173553466797
656,120,1,55.03799057006836,22.329782485961914
656,7,1,63.13426208496094,41.95840835571289
656,8,1,57.0269775390625,34.36735153198242
656,15,2,56.4771614074707,39.82164764404297
656,236,1,68.95223999023438,30.06562614440918
657,1,1,64.04422760009766,42.33774185180664
657,6,2,59.86262512207031,51.628971099853516
657,34,1,61.851539611816406,55.83484649658203
657,3,1,55.138545989990234,44.50407791137695
657,19,2,63.86382293701172,47.13825225830078
657,12,2,53.329856872558594,44.224761962890625
657,5,2,60.49973678588867,45.85261154174805
657,120,1,55.01090621948242,22.324365615844727
657,7,1,63.156246185302734,41.962852478027344
657,8,1,57.0269775390625,34.36735153198242
657,15,2,56.49933624267578,39.82612991333008
657,236,1,68.87271118164062,30.183618545532227
658,1,1,63.867469787597656,42.59744644165039
658,6,2,59.6475715637207,51.807586669921875
658,34,1,61.660247802734375,55.99357223510742
658,3,1,55.10721206665039,44.763092041015625
658,19,2,63.698848724365234,47.364158630371094
658,12,2,53.26764678955078,44.390098571777344
658,5,2,60.481929779052734,46.0262565612793
658,120,1,54.82356643676758,22.442373275756836
658,7,1,63.015254974365234,42.03647994995117
658,8,1,56.87409591674805,34.570438385009766
658,15,2,56.36606979370117,39.903358459472656
658,236,1,68.6199951171875,30.40553855895996
659,1,1,64.04844665527344,42.435890197753906
659,6,2,59.7274055480957,51.747703552246094
659,34,1,61.70783233642578,56.00039291381836
659,3,1,55.29214096069336,44.70975875854492
659,19,2,63.888519287109375,47.228660583496094
659,12,2,53.437400817871094,44.159210205078125
659,5,2,60.752994537353516,45.72972106933594
659,120,1,54.94475173950195,22.012056350708008
659,7,1,63.19489669799805,41.87263488769531
659,8,1,57.012691497802734,34.24960708618164
659,15,2,56.50753402709961,39.727806091308594
659,236,1,68.8212661743164,30.173297882080078
660,1,1,64.04844665527344,42.435890197753906
660,6,2,59.66001892089844,51.8068733215332
660,34,1,61.6303596496582,56.11381912231445
660,3,1,55.347984313964844,44.80803680419922
660,19,2,63.91315460205078,47.318851470947266
660,12,2,53.49558639526367,44.25836181640625
660,5,2,60.88533020019531,45.84377670288086
660,120,1,54.92512893676758,21.857881546020508
660,7,1,63.19489669799805,41.87263488769531
660,8,1,56.97453308105469,34.126731872558594
660,15,2,56.50753402709961,39.727806091308594
660,236,1,68.76982116699219,30.162979125976562
661,1,1,64.04844665527344,42.435890197753906
661,6,2,59.57386016845703,51.862060546875
661,34,1,61.5354118347168,56.22314453125
661,3,1,55.43069076538086,44.824806213378906
661,19,2,63.900901794433594,47.48615264892578
661,12,2,53.53294372558594,44.35308074951172
661,5,2,61.00428771972656,46.04172134399414
661,120,1,54.870697021484375,21.847002029418945
661,7,1,63.19489669799805,41.87263488769531
661,8,1,56.993499755859375,33.89921569824219
661,15,2,56.515750885009766,39.62923049926758
661,236,1,68.74410247802734,30.157819747924805
662,1,1,64.04422760009766,42.33774185180664
662,6,2,59.496524810791016,51.99128341674805
662,34,1,61.47030258178711,56.274009704589844
662,3,1,55.486305236816406,44.92283248901367
662,19,2,63.925437927246094,47.575721740722656
662,12,2,53.61154556274414,44.455955505371094
662,5,2,61.1226806640625,46.23872756958008
662,120,1,54.82366943359375,21.686874389648438
662,7,1,63.18955993652344,41.773277282714844
662,8,1,56.993499755859375,33.89921569824219
662,15,2,56.53798294067383,39.633724212646484
662,236,1,68.74410247802734,30.157819747924805
663,1,1,64.00035858154297,42.3288688659668
663,6,2,59.429691314697266,52.049922943115234
663,34,1,61.405330657958984,56.32476806640625
663,3,1,55.54826354980469,44.935394287109375
663,19,2,63.91320037841797,47.7418212890625
663,12,2,53.669315338134766,44.55439758300781
663,5,2,61.233184814453125,46.34732437133789
663,120,1,54.7346305847168,21.819801330566406
663,7,1,63.12885665893555,41.859283447265625
663,8,1,56.96013641357422,34.00832748413086
663,15,2,56.53798294067383,39.633724212646484
663,236,1,68.74614715576172,30.024290084838867
664,1,1,63.95648956298828,42.31999969482422
664,6,2,59.335384368896484,52.030723571777344
664,34,1,61.340492248535156,56.375423431396484
664,3,1,55.589569091796875,44.94377136230469
664,19,2,63.91727828979492,47.82664108276367
664,12,2,53.726951599121094,44.65260696411133
664,5,2,61.30949401855469,46.53456497192383
664,120,1,54.67304229736328,21.95773696899414
664,7,1,63.10139465332031,41.75545120239258
664,8,1,56.9506950378418,34.12193298339844
664,15,2,56.56021499633789,39.638214111328125
664,236,1,68.72039031982422,30.01912498474121
665,1,1,63.9345588684082,42.3155632019043
665,6,2,59.258827209472656,52.15915298461914
665,34,1,61.27579116821289,56.42597198486328
665,3,1,55.63087463378906,44.952144622802734
665,19,2,63.90102005004883,47.907135009765625
665,12,2,53.784446716308594,44.750579833984375
665,5,2,61.43285369873047,46.55958557128906
665,120,1,54.59856414794922,21.7926025390625
665,7,1,63.0738639831543,41.65135192871094
665,8,1,56.88949966430664,34.568450927734375
665,15,2,56.58244705200195,39.64270782470703
665,236,1,68.74820709228516,29.890363693237305
666,1,1,63.91262435913086,42.311126708984375
666,6,2,59.19247817993164,52.217411041259766
666,34,1,61.24033737182617,56.41873550415039
666,3,1,55.67218017578125,44.96052169799805
666,19,2,63.88889694213867,48.07167434692383
666,12,2,53.82563400268555,44.758934020996094
666,5,2,61.501529693603516,46.65909194946289
666,120,1,54.516929626464844,21.77628517150879
666,7,1,63.051795959472656,41.64689254760742
666,8,1,56.88022232055664,34.68050765991211
666,15,2,56.604679107666016,39.64720153808594
666,236,1,68.72240447998047,29.885189056396484
667,1,1,63.91262435913086,42.311126708984375
667,6,2,59.12627029418945,52.27554702758789
667,34,1,61.21628952026367,56.35007858276367
667,3,1,55.720176696777344,44.88350296020508
667,19,2,63.89298629760742,48.15570831298828
667,12,2,53.857940673828125,44.937496185302734
667,5,2,61.604209899902344,46.6799201965332
667,120,1,54.489715576171875,21.770845413208008
667,7,1,63.02972412109375,41.64242935180664
667,8,1,56.903892517089844,34.68527603149414
667,15,2,56.62691116333008,39.651695251464844
667,236,1,68.64310455322266,30.003623962402344
668,1,1,63.91262435913086,42.311126708984375
668,6,2,59.031768798828125,52.3990592956543
668,34,1,61.18080139160156,56.34283447265625
668,3,1,55.75479507446289,44.977272033691406
668,19,2,63.933502197265625,48.16393280029297
668,12,2,53.91957473754883,44.94999694824219
668,5,2,61.70689010620117,46.70074462890625
668,120,1,54.46934127807617,21.61605453491211
668,7,1,63.02972412109375,41.64242935180664
668,8,1,56.903892517089844,34.68527603149414
668,15,2,56.649147033691406,39.656185150146484
668,236,1,68.61734771728516,29.998456954956055
669,1,1,64.06189727783203,41.88086700439453
669,6,2,59.0964469909668,52.075889587402344
669,34,1,61.240989685058594,56.11820602416992
669,3,1,55.93217849731445,44.60383224487305
669,19,2,64.11601257324219,47.892276763916016
669,12,2,54.06501007080078,44.574092864990234
669,5,2,61.91680145263672,46.33946228027344
669,120,1,54.58436965942383,20.924480438232422
669,7,1,63.19140625,41.108802795410156
669,8,1,57.086402893066406,33.95290756225586
669,15,2,56.800899505615234,39.212406158447266
669,236,1,68.82608032226562,29.40564727783203
670,1,1,64.028076171875,42.37358093261719
670,6,2,59.057621002197266,52.43291473388672
670,34,1,61.2170524597168,56.503116607666016
670,3,1,56.053245544433594,45.072574615478516
670,19,2,64.12874603271484,48.402591705322266
670,12,2,54.155731201171875,45.0323371887207
670,5,2,62.02769088745117,46.88542556762695
670,120,1,54.6187858581543,21.706512451171875
670,7,1,63.20185852050781,41.51921081542969
670,8,1,57.21317672729492,34.33615493774414
670,15,2,56.894554138183594,39.84620666503906
670,236,1,68.80374145507812,29.955503463745117
671,1,1,63.95790100097656,42.534420013427734
671,6,2,58.970458984375,52.401123046875
671,34,1,61.16556167602539,56.60687255859375
671,3,1,56.1144905090332,45.15441131591797
671,19,2,64.14449310302734,48.55445098876953
671,12,2,54.19795608520508,45.109642028808594
671,5,2,62.10158920288086,47.222930908203125
671,120,1,54.56536865234375,21.81669807434082
671,7,1,63.21058654785156,41.50142288208008
671,8,1,57.21116638183594,34.427879333496094
671,15,2,56.89300537109375,39.92608642578125
671,236,1,68.76190948486328,30.054845809936523
672,1,1,63.969825744628906,42.62912368774414
672,6,2,58.94841384887695,52.4644660949707
672,34,1,61.120121002197266,56.78391647338867
672,3,1,56.224369049072266,45.172706604003906
672,19,2,64.19554901123047,48.643226623535156
672,12,2,54.27678298950195,45.292415618896484
672,5,2,62.20857238769531,47.493167877197266
672,120,1,54.56715774536133,21.96028709411621
672,7,1,63.22355651855469,41.59846878051758
672,8,1,57.31009292602539,34.21254348754883
672,15,2,56.966819763183594,39.9364013671875
672,236,1,68.82270812988281,30.060855865478516
673,1,1,63.97087860107422,42.67124557495117
673,6,2,58.86738586425781,52.54967498779297
673,34,1,61.05355453491211,56.98551559448242
673,3,1,56.23541259765625,45.3846549987793
673,19,2,64.18000030517578,48.75761413574219
673,12,2,54.303226470947266,45.334712982177734
673,5,2,62.283443450927734,47.711849212646484
673,120,1,54.52061080932617,22.0159912109375
673,7,1,63.20295715332031,41.63718032836914
673,8,1,57.325172424316406,34.1502571105957
673,15,2,56.97179412841797,39.980690002441406
673,236,1,68.82080841064453,30.11861228942871
674,1,1,64.00775909423828,42.619911193847656
674,6,2,58.82988357543945,52.710960388183594
674,34,1,61.013004302978516,57.12620544433594
674,3,1,56.290992736816406,45.51526641845703
674,19,2,64.12487030029297,48.94158172607422
674,12,2,54.36170959472656,45.46475601196289
674,5,2,62.383262634277344,47.76472091674805
674,120,1,54.489341735839844,22.217615127563477
674,7,1,63.200801849365234,41.675384521484375
674,8,1,57.306190490722656,34.42169189453125
674,15,2,56.97277069091797,40.019893646240234
674,236,1,68.78718566894531,30.29779815673828
675,1,1,64.04255676269531,42.50566864013672
675,6,2,58.759212493896484,52.74919509887695
675,34,1,60.9449462890625,57.15873336791992
675,3,1,56.32533645629883,45.5006103515625
675,19,2,64.08049011230469,48.912017822265625
675,12,2,54.37485885620117,45.44601058959961
675,5,2,62.49436950683594,47.68280029296875
675,120,1,54.46624755859375,21.87603187561035
675,7,1,63.19044494628906,41.549522399902344
675,8,1,57.31856918334961,34.164974212646484
675,15,2,56.996700286865234,39.8997802734375
675,236,1,68.8113021850586,30.135311126708984
676,1,1,63.93892288208008,42.41373825073242
676,6,2,58.58320999145508,52.732261657714844
676,34,1,60.820594787597656,57.211978912353516
676,3,1,56.275691986083984,45.513580322265625
676,19,2,64.00171661376953,48.75478744506836
676,12,2,54.31557083129883,45.28681182861328
676,5,2,62.489681243896484,47.787696838378906
676,120,1,54.312416076660156,21.433494567871094
676,7,1,63.129215240478516,41.4647216796875
676,8,1,57.222694396972656,34.061195373535156
676,15,2,56.90721130371094,39.80857849121094
676,236,1,68.69462585449219,30.013957977294922
677,1,1,64.03094482421875,42.63393020629883
677,6,2,58.534847259521484,53.07756805419922
677,34,1,60.88315200805664,57.35320281982422
677,3,1,56.46284484863281,45.72919464111328
677,19,2,64.14237213134766,48.87152862548828
677,12,2,54.4814567565918,45.581905364990234
677,5,2,62.63551712036133,48.23788833618164
677,120,1,54.46546936035156,21.627347946166992
677,7,1,63.202247619628906,41.68519592285156
677,8,1,57.38984680175781,34.33475875854492
677,15,2,56.99713897705078,40.03443145751953
677,236,1,68.76239013671875,30.305688858032227
678,1,1,64.05899810791016,42.58574295043945
678,6,2,58.50928497314453,53.10315704345703
678,34,1,60.903770446777344,57.32307815551758
678,3,1,56.52284240722656,45.94892501831055
678,19,2,64.26502227783203,48.76923370361328
678,12,2,54.572505950927734,45.72222900390625
678,5,2,62.687870025634766,48.6123161315918
678,120,1,54.498939514160156,21.398502349853516
678,7,1,63.25208282470703,41.64030838012695
678,8,1,57.429046630859375,34.393592834472656
678,15,2,57.06487274169922,39.99263381958008
678,236,1,68.85291290283203,30.11582374572754
679,1,1,63.9608268737793,42.41817092895508
679,6,2,58.3808708190918,53.110107421875
679,34,1,60.85553741455078,57.219112396240234
679,3,1,56.49180603027344,45.89828872680664
679,19,2,64.23554229736328,48.63835906982422
679,12,2,54.51997375488281,45.667449951171875
679,5,2,62.69585037231445,48.489646911621094
679,120,1,54.35306167602539,21.13778305053711
679,7,1,63.17346954345703,41.47366714477539
679,8,1,57.37975311279297,34.208335876464844
679,15,2,56.97382736206055,39.822044372558594
679,236,1,68.7761001586914,29.76121711730957
680,1,1,63.9608268737793,42.41817092895508
680,6,2,58.36237716674805,53.10633850097656
680,34,1,60.890480041503906,57.22624969482422
680,3,1,56.537933349609375,46.07686996459961
680,19,2,64.29596710205078,48.65062713623047
680,12,2,54.57062911987305,45.84611129760742
680,5,2,62.761478424072266,48.58462142944336
680,120,1,54.359764099121094,20.986480712890625
680,7,1,63.1680793762207,41.37328338623047
680,8,1,57.383541107177734,34.43916702270508
680,15,2,57.01823806762695,39.831016540527344
680,236,1,68.7761001586914,29.76121711730957
681,1,1,63.94761657714844,42.609344482421875
681,6,2,58.3905029296875,53.1813850402832
681,34,1,60.903587341308594,57.352447509765625
681,3,1,56.62452697753906,46.26286697387695
681,19,2,64.33625030517578,48.65880584716797
681,12,2,54.606021881103516,45.93718719482422
681,5,2,62.77750778198242,48.83169174194336
681,120,1,54.32567596435547,21.132312774658203
681,7,1,63.14592361450195,41.368804931640625
681,8,1,57.411014556884766,34.67350387573242
681,15,2,57.040443420410156,39.835506439208984
681,236,1,68.74614715576172,30.024290084838867
682,1,1,63.94761657714844,42.609344482421875
682,6,2,58.41785430908203,53.11764144897461
682,34,1,60.910118103027344,57.41535949707031
682,3,1,56.67012405395508,46.439754486083984
682,19,2,64.41681671142578,48.6751594543457
682,12,2,54.63075637817383,46.19270706176758
682,5,2,62.83327865600586,49.085140228271484
682,120,1,54.29829406738281,21.126840591430664
682,7,1,63.10161590576172,41.35984802246094
682,8,1,57.43471908569336,34.678279876708984
682,15,2,57.0759162902832,39.94266128540039
682,236,1,68.77191162109375,30.029457092285156
683,1,1,63.95194625854492,42.7067756652832
683,6,2,58.419281005859375,53.39431381225586
683,34,1,60.90576171875,57.53724670410156
683,3,1,56.72324752807617,46.5340576171875
683,19,2,64.47724914550781,48.68742752075195
683,12,2,54.66591262817383,46.28295135498047
683,5,2,62.89822006225586,49.17866516113281
683,120,1,54.27090835571289,21.121368408203125
683,7,1,63.10161590576172,41.35984802246094
683,8,1,57.49225616455078,34.575626373291016
683,15,2,57.08914566040039,40.04506301879883
683,236,1,68.74614715576172,30.024290084838867
684,1,1,63.95626449584961,42.80396270751953
684,6,2,58.4023551940918,53.66489791870117
684,34,1,60.884071350097656,57.65510177612305
684,3,1,56.804325103759766,46.550514221191406
684,19,2,64.53767395019531,48.6996955871582
684,12,2,54.741363525390625,46.38117599487305
684,5,2,62.9630126953125,49.27198028564453
684,120,1,54.27090835571289,21.121368408203125
684,7,1,63.1237678527832,41.36432647705078
684,8,1,57.51939010620117,34.809268951416016
684,15,2,57.16462707519531,39.96059036254883
684,236,1,68.77191162109375,30.029457092285156
685,1,1,63.95626449584961,42.80396270751953
685,6,2,58.40383529663086,53.9369010925293
685,34,1,60.84095764160156,57.88938903808594
685,3,1,56.885406494140625,46.56696701049805
685,19,2,64.56110382080078,48.786502838134766
685,12,2,54.8111686706543,46.56059265136719
685,5,2,63.04253387451172,49.28813171386719
685,120,1,54.27748489379883,20.97003936767578
685,7,1,63.14592361450195,41.368804931640625
685,8,1,57.55654525756836,34.93037033081055
685,15,2,57.208984375,39.96955490112305
685,236,1,68.7998046875,29.900711059570312
686,1,1,64.07965850830078,42.904029846191406
686,6,2,58.521175384521484,54.08109664916992
686,34,1,60.94767379760742,58.01883316040039
686,3,1,57.06743240356445,46.66905212402344
686,19,2,64.75182342529297,48.807315826416016
686,12,2,54.95368194580078,46.65388870239258
686,5,2,63.215511322021484,49.38578414916992
686,120,1,54.45161437988281,20.97142219543457
686,7,1,63.305999755859375,41.27983093261719
686,8,1,57.75492477416992,34.9455451965332
686,15,2,57.363487243652344,40.07875061035156
686,236,1,68.96595764160156,30.039066314697266
687,1,1,63.95626449584961,42.80396270751953
687,6,2,58.41403579711914,54.14125442504883
687,34,1,60.843299865722656,58.0709114074707
687,3,1,57.01520538330078,46.92544937133789
687,19,2,64.66485595703125,48.889427185058594
687,12,2,54.82036590576172,46.72693634033203
687,5,2,63.08723068237305,49.37717819213867
687,120,1,54.27748489379883,20.97003936767578
687,7,1,63.16267395019531,41.272640228271484
687,8,1,57.61720657348633,35.05590057373047
687,15,2,57.24419403076172,40.07640075683594
687,236,1,68.82343292236328,30.039791107177734
688,1,1,63.97806167602539,42.808372497558594
688,6,2,58.43223571777344,54.144962310791016
688,34,1,60.84562683105469,58.251346588134766
688,3,1,57.11990737915039,47.11161422729492
688,19,2,64.74829864501953,48.988040924072266
688,12,2,54.82952117919922,46.89250183105469
688,5,2,63.10708999633789,49.3812141418457
688,120,1,54.27748489379883,20.97003936767578
688,7,1,63.18485641479492,41.27712631225586
688,8,1,57.685115814208984,34.842655181884766
688,15,2,57.24419403076172,40.07640075683594
688,236,1,68.84918975830078,30.044958114624023
689,1,1,63.999855041503906,42.812782287597656
689,6,2,58.4416618347168,54.21402359008789
689,34,1,60.841461181640625,58.369873046875
689,3,1,57.23239517211914,47.21661376953125
689,19,2,64.82859802246094,49.00434112548828
689,12,2,54.824073791503906,46.972965240478516
689,5,2,63.13182830810547,49.46602249145508
689,120,1,54.27090835571289,21.121368408203125
689,7,1,63.14592361450195,41.368804931640625
689,8,1,57.70879364013672,34.8474235534668
689,15,2,57.24419403076172,40.07640075683594
689,236,1,68.92880249023438,29.92658233642578
690,1,1,64.00411224365234,42.90970993041992
690,6,2,58.45106887817383,54.28293991088867
690,34,1,60.809600830078125,58.541542053222656
690,3,1,57.27260971069336,47.22477722167969
690,19,2,64.92897033691406,49.024723052978516
690,12,2,54.8386344909668,47.05730056762695
690,5,2,63.087100982666016,49.6951904296875
690,120,1,54.243526458740234,21.115896224975586
690,7,1,63.1404914855957,41.268157958984375
690,8,1,57.745689392089844,34.96847915649414
690,15,2,57.2571907043457,40.178504943847656
690,236,1,68.98040771484375,29.936931610107422
691,1,1,64.03009033203125,43.01079559326172
691,6,2,58.442962646484375,54.4814338684082
691,34,1,60.750396728515625,58.7653694152832
691,3,1,57.28437423706055,47.30914306640625
691,19,2,64.98919677734375,49.03695297241211
691,12,2,54.822330474853516,47.2969970703125
691,5,2,63.05745315551758,49.84709548950195
691,120,1,54.188758850097656,21.10495376586914
691,7,1,63.1404914855957,41.268157958984375
691,8,1,57.77981948852539,34.861732482910156
691,15,2,57.27931213378906,40.18297576904297
692,1,1,64.03429412841797,43.10723114013672
692,6,2,58.40819549560547,54.739253997802734
692,34,1,60.68890380859375,58.81148910522461
692,3,1,57.32786178588867,47.48134994506836
692,19,2,65.06949615478516,49.05325698852539
692,12,2,54.816917419433594,47.376522064208984
692,5,2,63.0377311706543,49.84308624267578
692,120,1,54.188758850097656,21.10495376586914
692,7,1,63.16267395019531,41.272640228271484
692,8,1,57.82717514038086,34.871273040771484
692,15,2,57.2922477722168,40.28480911254883
693,1,1,64.0560073852539,43.11162567138672
693,6,2,58.346370697021484,54.92387390136719
693,34,1,60.627532958984375,58.857521057128906
693,3,1,57.382728576660156,47.73613739013672
693,19,2,65.1498031616211,49.06956100463867
693,12,2,54.871177673339844,47.46798324584961
693,5,2,63.02298355102539,49.91878128051758
693,120,1,54.21614074707031,21.11042594909668
693,7,1,63.16267395019531,41.272640228271484
693,8,1,57.90888595581055,34.77379608154297
693,15,2,57.30514907836914,40.386383056640625
694,1,1,64.06017303466797,43.20781326293945
694,6,2,58.29341125488281,55.04387283325195
694,34,1,60.600223541259766,58.910396575927734
694,3,1,57.50542449951172,47.922550201416016
694,19,2,65.21002960205078,49.081790924072266
694,12,2,54.89106369018555,47.472023010253906
694,5,2,63.02298355102539,49.91878128051758
694,120,1,54.2291374206543,20.807252883911133
694,7,1,63.20167922973633,41.18071746826172
694,8,1,57.945560455322266,34.895118713378906
694,15,2,57.34005355834961,40.49215316772461
695,1,1,64.06017303466797,43.20781326293945
695,6,2,58.257545471191406,55.036556243896484
695,34,1,60.583251953125,58.90692901611328
695,3,1,57.63877487182617,48.19048309326172
695,19,2,65.25018310546875,49.089942932128906
695,12,2,54.92530822753906,47.559234619140625
695,5,2,63.04268264770508,49.922786712646484
695,120,1,54.263179779052734,20.66043472290039
695,7,1,63.24078369140625,41.088558197021484
695,8,1,58.003726959228516,34.79290008544922
695,15,2,57.406166076660156,40.50551986694336
696,1,1,64.03849029541016,43.203426361083984
696,6,2,58.2396125793457,55.03289794921875
696,34,1,60.600223541259766,58.910396575927734
696,3,1,57.76895523071289,48.29684066772461
696,19,2,65.29275512695312,49.18007278442383
696,12,2,54.934120178222656,47.72098159790039
696,5,2,63.0279426574707,49.9983024597168
696,120,1,54.297332763671875,20.51314353942871
696,7,1,63.263023376464844,41.09305191040039
696,8,1,58.0511474609375,34.802452087402344
696,15,2,57.45024108886719,40.51443099975586
697,1,1,64.03849029541016,43.203426361083984
697,6,2,58.2216796875,55.029239654541016
697,34,1,60.627532958984375,58.857521057128906
697,3,1,57.83941650390625,48.39088439941406
697,19,2,65.35291290283203,49.19228744506836
697,12,2,54.94611358642578,48.1201057434082
697,5,2,63.0476188659668,50.00230026245117
697,120,1,54.324893951416016,20.518648147583008
697,7,1,63.263023376464844,41.09305191040039
697,8,1,58.098567962646484,34.81200408935547
697,15,2,57.494319915771484,40.52334213256836
698,1,1,64.03849029541016,43.203426361083984
698,6,2,58.18815612792969,55.282371520996094
698,34,1,60.6341667175293,58.917335510253906
698,3,1,57.929500579833984,48.48873519897461
698,19,2,65.4331283569336,49.20857620239258
698,12,2,54.91004180908203,48.34861373901367
698,5,2,63.0476188659668,50.00230026245117
698,120,1,54.297332763671875,20.51314353942871
698,7,1,63.24078369140625,41.088558197021484
698,8,1,58.13328170776367,34.704742431640625
698,15,2,57.52893829345703,40.62880325317383
699,1,1,64.1884536743164,43.32625198364258
699,6,2,58.25666046142578,55.552391052246094
699,34,1,60.71049880981445,59.04790115356445
699,3,1,58.11268615722656,48.603126525878906
699,19,2,65.60826110839844,49.24188995361328
699,12,2,54.97199249267578,48.515380859375
699,5,2,63.106178283691406,50.09037399291992
699,120,1,54.53049850463867,20.709583282470703
699,7,1,63.36820983886719,41.111541748046875
699,8,1,58.329071044921875,34.85528564453125
699,15,2,57.71120071411133,40.76115417480469
700,1,1,64.22708892822266,43.40991973876953
700,6,2,58.12639617919922,55.768741607666016
700,34,1,60.64189910888672,59.08033752441406
700,3,1,58.14571762084961,48.90974426269531
700,19,2,65.6607666015625,49.2362060546875
700,12,2,54.976165771484375,48.57850646972656
700,5,2,63.07353210449219,49.98965072631836
700,120,1,54.488895416259766,20.67036247253418
700,7,1,63.33687210083008,41.085086822509766
700,8,1,58.36543273925781,34.839691162109375
700,15,2,57.75447082519531,40.65193557739258
701,1,1,63.96944808959961,43.80209732055664
701,6,2,57.85047149658203,56.19989013671875
701,34,1,60.352420806884766,59.408592224121094
701,3,1,57.917327880859375,49.4643440246582
701,19,2,65.43395233154297,49.571983337402344
701,12,2,54.787017822265625,48.9820556640625
701,5,2,62.73305892944336,50.36592483520508
701,120,1,54.186275482177734,21.178478240966797
701,7,1,63.055294036865234,41.49795150756836
701,8,1,58.144527435302734,35.32997131347656
701,15,2,57.53110122680664,41.067874908447266
702,1,1,64.1590347290039,43.51242446899414
702,6,2,57.93050003051758,55.99690246582031
702,34,1,60.44429016113281,59.284523010253906
702,3,1,58.057777404785156,49.4553337097168
702,19,2,65.65372467041016,49.25337219238281
702,12,2,54.88640213012695,48.96488571166992
702,5,2,62.856014251708984,50.04169845581055
702,120,1,54.386802673339844,20.376407623291016
702,7,1,63.28526306152344,41.09754943847656
702,8,1,58.38310623168945,34.869319915771484
702,15,2,57.72703552246094,40.668853759765625
703,1,1,63.588218688964844,45.02655792236328
703,6,2,57.50371551513672,57.00279998779297
703,34,1,59.99112319946289,60.30093765258789
703,3,1,57.63545227050781,50.92750930786133
703,13,1,68.94821166992188,49.481876373291016
703,19,2,65.0733642578125,50.54117202758789
703,12,2,54.47578048706055,50.5052375793457
703,5,2,62.28436279296875,51.27726745605469
703,120,1,53.93621063232422,22.79381561279297
703,7,1,62.69569396972656,42.704891204833984
703,8,1,57.9178352355957,36.73881912231445
703,22,2,68.93035125732422,52.85402297973633
703,15,2,57.2873420715332,42.274871826171875
703,236,1,68.75792694091797,32.074790954589844
704,1,1,64.22384643554688,43.52553939819336
704,6,2,57.885520935058594,55.92451858520508
704,34,1,60.37053298950195,59.49895095825195
704,3,1,58.12820816040039,49.700801849365234
704,19,2,65.69578552246094,49.34321212768555
704,12,2,54.76301193237305,49.32229232788086
704,5,2,62.82189178466797,50.1129150390625
704,120,1,54.4696159362793,20.392946243286133
704,7,1,63.35198974609375,41.11103439331055
704,8,1,58.53694534301758,34.786048889160156
704,15,2,57.827266693115234,40.78733444213867
704,11,2,52.58375930786133,51.79010772705078
705,1,1,64.06306457519531,43.579795837402344
705,6,2,57.76006317138672,55.957027435302734
705,34,1,60.16938781738281,59.68096923828125
705,3,1,58.04804611206055,49.75503158569336
705,19,2,65.58514404296875,49.39532470703125
705,12,2,54.58512496948242,49.43180847167969
705,5,2,62.66299819946289,50.23012924194336
705,120,1,54.29951477050781,20.655284881591797
705,7,1,63.20972442626953,41.174285888671875
705,8,1,58.43859100341797,34.87129592895508
705,15,2,57.737037658691406,40.85916519165039
705,11,2,52.631900787353516,51.65468978881836
706,1,1,64.04600524902344,43.68743133544922
706,6,2,57.677738189697266,56.20304489135742
706,34,1,60.007835388183594,59.827728271484375
706,3,1,58.0914192199707,50.08264923095703
706,19,2,65.6092529296875,49.576412200927734
706,12,2,54.5630989074707,49.516571044921875
706,5,2,62.635196685791016,50.39348602294922
706,120,1,54.35107421875,20.846832275390625
706,7,1,63.22097396850586,41.39384078979492
706,8,1,58.487796783447266,34.9017333984375
706,15,2,57.76332092285156,41.07720947265625
706,11,2,52.74568176269531,51.69044876098633
707,1,1,64.20620727539062,43.61636734008789
707,6,2,57.73288345336914,56.27064895629883
707,34,1,60.03689956665039,59.7150993347168
707,3,1,58.23924255371094,50.25669479370117
707,19,2,65.8014144897461,49.60743713378906
707,12,2,54.67947769165039,49.68351745605469
707,5,2,62.71998977661133,50.325599670410156
707,120,1,54.545372009277344,20.56268882751465
707,7,1,63.401588439941406,41.22112274169922
707,8,1,58.72685241699219,34.59482955932617
707,15,2,57.983116149902344,41.014530181884766
707,11,2,53.05290985107422,51.32367706298828
707,14,1,52.807350158691406,51.344451904296875
708,1,1,64.36106872558594,43.62942123413086
708,6,2,57.769779205322266,56.26605987548828
708,34,1,60.07246017456055,59.711395263671875
708,3,1,58.320472717285156,50.55970001220703
708,19,2,65.96663665771484,49.70594024658203
708,12,2,54.67974853515625,49.968650817871094
708,5,2,62.76744842529297,50.39768600463867
708,120,1,54.712623596191406,20.566152572631836
708,7,1,63.51637268066406,41.224937438964844
708,8,1,58.87213897705078,34.83137130737305
708,15,2,58.1186408996582,41.217796325683594
708,11,2,53.33738708496094,51.29689407348633
708,142,2,52.50346374511719,23.550308227539062
708,14,1,53.01961135864258,51.2321891784668
709,1,1,64.36625671386719,43.73747634887695
709,6,2,57.70166015625,56.260658264160156
709,34,1,60.024009704589844,59.709190368652344
709,3,1,58.351924896240234,50.65113830566406
709,19,2,66.02752685546875,49.7292594909668
709,12,2,54.648284912109375,50.19533157348633
709,5,2,62.74943923950195,50.40455627441406
709,120,1,54.771671295166016,20.59895133972168
709,7,1,63.52294158935547,41.339691162109375
709,8,1,58.8980827331543,35.080421447753906
709,15,2,58.16490936279297,41.2403678894043
709,11,2,53.575721740722656,51.14131164550781
709,142,2,52.557125091552734,23.72393798828125
709,14,1,53.1566162109375,51.198646545410156
709,270,2,54.80418014526367,49.629215240478516
710,1,1,64.4261245727539,43.64427185058594
710,6,2,57.65495300292969,56.18115234375
710,34,1,59.9820671081543,59.637245178222656
710,3,1,58.36933517456055,50.64583969116211
710,19,2,66.068115234375,49.808387756347656
710,12,2,54.63605880737305,50.33192443847656
710,5,2,62.70912170410156,50.387210845947266
710,120,1,54.795997619628906,20.58555793762207
710,7,1,63.56114196777344,41.23576736450195
710,8,1,58.94334030151367,35.07608413696289
710,15,2,58.18472671508789,41.23289489746094
710,11,2,53.618438720703125,50.99821853637695
710,142,2,52.606666564941406,23.716936111450195
710,14,1,53.37876510620117,51.23546600341797
711,1,1,64.19854736328125,43.63895797729492
711,6,2,57.39228439331055,56.09194564819336
711,34,1,59.71468734741211,59.663700103759766
711,3,1,58.1506462097168,50.63365936279297
711,19,2,65.87541961669922,49.72362518310547
711,12,2,54.41136932373047,50.465110778808594
711,5,2,62.46480941772461,50.3709831237793
711,120,1,54.49141311645508,20.436952590942383
711,7,1,63.32735824584961,41.231712341308594
711,8,1,58.72051239013672,35.08037567138672
711,15,2,57.957462310791016,41.22889709472656
711,14,1,53.31755065917969,51.253761291503906
712,1,1,64.51275634765625,43.680992126464844
712,6,2,57.56879806518555,56.176307678222656
712,34,1,59.80455017089844,59.782100677490234
712,3,1,58.38099670410156,50.73808670043945
712,19,2,66.16761016845703,49.84493637084961
712,12,2,54.63194274902344,51.003047943115234
712,5,2,62.69026184082031,50.39912033081055
712,120,1,54.89744186401367,20.327533721923828
712,7,1,63.628334045410156,41.26968765258789
712,8,1,59.07503128051758,35.23940658569336
712,15,2,58.25227737426758,41.266319274902344
712,142,2,52.71686553955078,23.768123626708984
712,14,1,53.6472282409668,51.233367919921875
712,11,2,53.8989143371582,51.14164733886719
713,1,1,64.53984832763672,43.6669807434082
713,6,2,57.5216178894043,56.27876281738281
713,34,1,59.64857482910156,59.79488754272461
713,3,1,58.32071304321289,51.22866439819336
713,19,2,66.19300842285156,49.83349609375
713,12,2,54.629600524902344,51.05985641479492
713,5,2,62.66638946533203,50.53269958496094
713,120,1,54.95661926269531,20.30722999572754
713,7,1,63.69568634033203,41.16252136230469
713,8,1,59.150489807128906,35.23114776611328
713,15,2,58.289615631103516,41.35081481933594
713,142,2,52.777000427246094,23.607160568237305
713,14,1,53.7284049987793,51.16371154785156
713,11,2,53.99100112915039,51.21717834472656
714,1,1,64.51841735839844,43.75772476196289
714,6,2,57.42653274536133,56.446529388427734
714,34,1,59.5460319519043,59.774436950683594
714,3,1,58.22611618041992,51.647972106933594
714,19,2,66.22968292236328,49.84169387817383
714,12,2,54.64064025878906,51.13484573364258
714,5,2,62.615577697753906,50.676815032958984
714,120,1,55.00770950317383,20.318880081176758
714,7,1,63.71913528442383,41.268310546875
714,8,1,59.194129943847656,35.24099349975586
714,15,2,58.35178756713867,41.36429214477539
714,142,2,52.85269546508789,23.62364959716797
714,14,1,53.74822998046875,51.096824645996094
714,11,2,54.04016876220703,51.299293518066406
715,1,1,64.40412139892578,43.75058364868164
715,6,2,57.21589279174805,56.53778076171875
715,34,1,59.408565521240234,59.755889892578125
715,3,1,58.0733642578125,51.91781234741211
715,19,2,66.2020492553711,49.76935958862305
715,12,2,54.594276428222656,51.20952606201172
715,5,2,62.479408264160156,50.73873519897461
715,120,1,54.91897201538086,20.32757568359375
715,7,1,63.60635757446289,41.36231994628906
715,8,1,59.11725616455078,35.24480056762695
715,15,2,58.26035690307617,41.55548858642578
715,142,2,52.76799774169922,23.631105422973633
715,14,1,53.78208541870117,51.11589813232422
715,11,2,53.96565628051758,51.22483825683594
716,1,1,64.42198944091797,43.660037994384766
716,6,2,57.09717559814453,56.636756896972656
716,34,1,59.33305740356445,59.796653747558594
716,3,1,58.056068420410156,52.05765151977539
716,19,2,66.22331237792969,49.85404968261719
716,12,2,54.60819625854492,51.284088134765625
716,5,2,62.387874603271484,50.79652404785156
716,120,1,54.91897201538086,20.32757568359375
716,7,1,63.60635757446289,41.36231994628906
716,8,1,59.15217971801758,35.365169525146484
716,15,2,58.29362487792969,41.6584587097168
716,142,2,52.843544006347656,23.789562225341797
716,14,1,53.89882278442383,51.06794357299805
716,11,2,54.09107971191406,51.03520584106445
717,1,1,64.40412139892578,43.75058364868164
717,6,2,56.97536087036133,56.611881256103516
717,34,1,59.248905181884766,59.891536712646484
717,3,1,58.02711868286133,51.98015594482422
717,19,2,66.26315307617188,49.86214065551758
717,12,2,54.57064437866211,51.27644348144531
717,5,2,62.29655075073242,50.85417938232422
717,120,1,54.946624755859375,20.333097457885742
717,7,1,63.58903503417969,41.4583740234375
717,8,1,59.23551559448242,35.26862716674805
717,15,2,58.31538772583008,41.662864685058594
717,142,2,52.87007141113281,23.794872283935547
717,14,1,53.940555572509766,51.00456237792969
717,11,2,54.21183395385742,50.62517547607422
718,1,1,64.40782928466797,43.84526062011719
718,6,2,56.94055938720703,56.604774475097656
718,34,1,59.106727600097656,60.029788970947266
718,3,1,57.99119186401367,52.11588668823242
718,19,2,66.2843246459961,49.94662857055664
718,12,2,54.58457565307617,51.350852966308594
718,5,2,62.257781982421875,50.84629440307617
718,120,1,54.97427749633789,20.338621139526367
718,7,1,63.58903503417969,41.4583740234375
718,8,1,59.30800247192383,35.05562973022461
718,15,2,58.326805114746094,41.761173248291016
718,142,2,52.94534683227539,23.952836990356445
718,14,1,54.0303840637207,51.094730377197266
719,1,1,64.45087432861328,43.853973388671875
719,6,2,56.930015563964844,56.54107666015625
719,34,1,58.932701110839844,60.049747467041016
719,3,1,57.93670654296875,52.24721908569336
719,19,2,66.3440170288086,49.9587516784668
719,12,2,54.60333251953125,51.354671478271484
719,5,2,62.25202941894531,50.76890182495117
719,120,1,54.97427749633789,20.338621139526367
719,7,1,63.628543853759766,41.36680221557617
719,8,1,59.35710906982422,34.83666229248047
719,15,2,58.370277404785156,41.76996994018555
719,142,2,52.99832534790039,23.963443756103516
719,14,1,54.09107971191406,51.03520584106445
719,11,2,54.42499923706055,50.8865852355957
720,1,1,64.45451354980469,43.948402404785156
720,6,2,56.88835525512695,56.594112396240234
720,34,1,58.767295837402344,60.01591110229492
720,3,1,57.89272689819336,52.450740814208984
720,19,2,66.4037094116211,49.97087478637695
720,12,2,54.583984375,51.635459899902344
720,5,2,62.19962692260742,50.83447265625
720,120,1,54.98204803466797,20.184555053710938
720,7,1,63.628543853759766,41.36680221557617
720,8,1,59.38089370727539,34.841453552246094
720,15,2,58.413753509521484,41.77876281738281
720,142,2,53.02481460571289,23.968746185302734
720,14,1,54.15190505981445,50.97555160522461
720,11,2,54.434410095214844,50.74331283569336
721,1,1,64.47601318359375,43.952754974365234
721,6,2,56.84677505493164,56.64704513549805
721,34,1,58.66805648803711,59.99560546875
721,3,1,57.84903335571289,52.65294647216797
721,19,2,66.42469787597656,50.05514144897461
721,12,2,54.59782791137695,51.709075927734375
721,5,2,62.13386535644531,50.9730339050293
721,120,1,55.001930236816406,20.34414291381836
721,7,1,63.59872817993164,41.65867233276367
721,8,1,59.41748809814453,34.733917236328125
721,15,2,58.45722579956055,41.787559509277344
721,142,2,53.05130386352539,23.974050521850586
721,14,1,54.189579010009766,50.983219146728516
721,11,2,54.48178482055664,50.607120513916016
722,1,1,64.45814514160156,44.042598724365234
722,6,2,56.76387023925781,56.75257873535156
722,34,1,58.593475341796875,59.92478942871094
722,3,1,57.80562210083008,52.85383987426758
722,19,2,66.46443939208984,50.06321716308594
722,12,2,54.63513946533203,51.7166748046875
722,5,2,62.06245422363281,51.03422546386719
722,120,1,55.05723571777344,20.355186462402344
722,7,1,63.603553771972656,41.75844192504883
722,8,1,59.49098587036133,34.51795196533203
722,15,2,58.46845245361328,41.885589599609375
722,142,2,53.07779312133789,23.979352951049805
722,14,1,54.212867736816406,50.91576385498047
722,11,2,54.577171325683594,50.33292770385742
723,1,1,64.4617691040039,44.136558532714844
723,6,2,56.63589096069336,56.78749084472656
723,34,1,58.5021858215332,59.85044860839844
723,3,1,57.77277374267578,53.124698638916016
723,19,2,66.46443939208984,50.06321716308594
723,12,2,54.65379333496094,51.72047424316406
723,5,2,61.939395904541016,51.16011047363281
723,120,1,55.08488845825195,20.36071014404297
723,7,1,63.62562561035156,41.762901306152344
723,8,1,59.501888275146484,34.63569259643555
723,15,2,58.511871337890625,41.89437484741211
723,142,2,53.13077163696289,23.989959716796875
723,14,1,54.236209869384766,50.84815979003906
723,11,2,54.677425384521484,50.279518127441406
724,1,1,64.32276916503906,43.73594665527344
724,6,2,56.392581939697266,56.61677932739258
724,34,1,58.25651931762695,59.689632415771484
724,3,1,57.60857009887695,52.95412063598633
724,19,2,66.36602783203125,49.80423355102539
724,12,2,54.518436431884766,51.552547454833984
724,5,2,61.73845672607422,50.96980285644531
724,120,1,54.86528396606445,19.851558685302734
724,7,1,63.46611785888672,41.53475570678711
724,8,1,59.34207534790039,34.37436294555664
724,15,2,58.342193603515625,41.67015838623047
724,142,2,52.93804931640625,23.524168014526367
724,14,1,54.08373260498047,50.60052490234375
724,11,2,54.58720016479492,49.96573257446289
725,1,1,64.4796142578125,44.04694366455078
725,6,2,56.49085998535156,56.81879425048828
725,34,1,58.22150802612305,59.90425109863281
725,3,1,57.774864196777344,53.26300811767578
725,19,2,66.48533630371094,50.14727783203125
725,12,2,54.662654876708984,51.8634147644043
725,5,2,61.79766082763672,51.281517028808594
725,120,1,55.140193939208984,20.371753692626953
725,7,1,63.6524543762207,41.86686706542969
725,8,1,59.560394287109375,34.762699127197266
725,15,2,58.53413009643555,42.08967971801758
725,142,2,53.23198318481445,24.15268325805664
725,14,1,54.297401428222656,50.78810119628906
725,11,2,54.83864974975586,50.45977783203125
726,1,1,64.48321533203125,44.140899658203125
726,6,2,56.43892288208008,56.808189392089844
726,34,1,58.03201675415039,59.92093276977539
726,3,1,57.79327392578125,53.266761779785156
726,19,2,66.48533630371094,50.14727783203125
726,12,2,54.61503219604492,52.273475646972656
726,5,2,61.746238708496094,51.345924377441406
726,120,1,55.140193939208984,20.371753692626953
726,7,1,63.6524543762207,41.86686706542969
726,8,1,59.58421325683594,34.767494201660156
726,132,2,52.51039123535156,36.760276794433594
726,15,2,58.50196075439453,42.17820739746094
726,142,2,53.28488540649414,24.16327667236328
726,14,1,54.330604553222656,50.867374420166016
726,11,2,54.96040725708008,50.11467361450195
727,1,1,64.50465393066406,44.145240783691406
727,6,2,56.393272399902344,56.73794174194336
727,34,1,57.94940948486328,59.90403366088867
727,3,1,57.75645446777344,53.25925827026367
727,19,2,66.44670104980469,50.21906280517578
727,12,2,54.61431884765625,52.550174713134766
727,5,2,61.72073745727539,51.265872955322266
727,120,1,55.1597900390625,20.53078842163086
727,7,1,63.6524543762207,41.86686706542969
727,8,1,59.6318473815918,34.7770881652832
727,132,2,52.55280303955078,36.87440490722656
727,15,2,58.48033142089844,42.173831939697266
727,142,2,53.33778762817383,24.17386817932129
727,14,1,54.377647399902344,50.73175811767578
727,11,2,55.075313568115234,49.613243103027344
728,1,1,64.56550598144531,44.0643310546875
728,6,2,56.3066291809082,56.720245361328125
728,34,1,57.84855651855469,59.77239990234375
728,3,1,57.80146408081055,53.199562072753906
728,19,2,66.44881439208984,50.378211975097656
728,12,2,54.60001754760742,52.75334548950195
728,5,2,61.71442794799805,51.18955612182617
728,120,1,55.1597900390625,20.53078842163086
728,7,1,63.71391296386719,41.7807502746582
728,8,1,59.66630935668945,34.8989372253418
728,132,2,52.59833908081055,36.88359832763672
728,15,2,58.48033142089844,42.173831939697266
728,14,1,54.420188903808594,50.667579650878906
728,11,2,55.17737579345703,49.558353424072266
729,1,1,64.5689926147461,44.15826416015625
729,6,2,56.21998596191406,56.702552795410156
729,34,1,57.66856384277344,59.84657669067383
729,3,1,57.813690185546875,53.40821838378906
729,19,2,66.46963500976562,50.46153259277344
729,12,2,54.668617248535156,52.83572769165039
729,5,2,61.66304397583008,51.25413513183594
729,120,1,55.187400817871094,20.53630256652832
729,7,1,63.718589782714844,41.8802375793457
729,8,1,59.76145553588867,34.9181022644043
729,132,2,52.63728713989258,37.10176086425781
729,15,2,58.50196075439453,42.17820739746094
729,14,1,54.49595642089844,50.68300247192383
729,11,2,55.2226448059082,50.24232864379883
729,142,2,53.4334831237793,24.476646423339844
730,1,1,64.59043884277344,44.16260528564453
730,6,2,56.11601638793945,56.68131637573242
730,34,1,57.44929885864258,59.96741485595703
730,3,1,57.7973518371582,53.54159927368164
730,19,2,66.49040222167969,50.54465866088867
730,12,2,54.71875762939453,52.91419982910156
730,5,2,61.611778259277344,51.318572998046875
730,120,1,55.242618560791016,20.547330856323242
730,7,1,63.76267623901367,41.8891487121582
730,8,1,59.809024810791016,34.92768478393555
730,132,2,52.705413818359375,37.11551284790039
730,15,2,58.49147033691406,42.27088928222656
730,14,1,54.547935485839844,50.76641845703125
730,11,2,55.28767776489258,50.403682708740234
730,142,2,53.48622512817383,24.48720932006836
731,1,1,64.57247161865234,44.2519645690918
731,6,2,55.971527099609375,56.71272659301758
731,34,1,57.254512786865234,60.03749465942383
731,3,1,57.78921127319336,53.60807800292969
731,19,2,66.52987670898438,50.55268096923828
731,12,2,54.74197006225586,52.85067367553711
731,5,2,61.496524810791016,51.295127868652344
731,120,1,55.278465270996094,20.39936637878418
731,7,1,63.82427978515625,41.803062438964844
731,8,1,59.85660171508789,34.93726348876953
731,132,2,52.750831604003906,37.12468338012695
731,15,2,58.50258255004883,42.36770248413086
731,14,1,54.6285514831543,50.70998764038086
731,11,2,55.32008743286133,50.484092712402344
731,142,2,53.512596130371094,24.492490768432617
732,1,1,64.59043884277344,44.16260528564453
732,6,2,55.908084869384766,56.638851165771484
732,34,1,57.13276290893555,60.0673942565918
732,3,1,57.807525634765625,53.611812591552734
732,19,2,66.55055236816406,50.6356086730957
732,12,2,54.79698181152344,52.86188507080078
732,5,2,61.36875915527344,51.343833923339844
732,120,1,55.31442642211914,20.250925064086914
732,7,1,63.82881164550781,41.902523040771484
732,8,1,59.87003707885742,34.82505798339844
732,132,2,52.7962532043457,37.13385009765625
732,15,2,58.513668060302734,42.464271545410156
732,14,1,54.69038391113281,50.649574279785156
732,11,2,55.35818862915039,50.491844177246094
732,142,2,53.565338134765625,24.5030517578125
733,1,1,64.55105590820312,44.24763107299805
733,6,2,55.86185836791992,56.5683708190918
733,34,1,57.040809631347656,59.99376678466797
733,3,1,57.825836181640625,53.615543365478516
733,19,2,66.53179931640625,50.71034240722656
733,12,2,54.87033462524414,52.876834869384766
733,5,2,61.30445098876953,51.25605773925781
733,120,1,55.358909606933594,19.947052001953125
733,7,1,63.82881164550781,41.902523040771484
733,8,1,59.85660171508789,34.93726348876953
733,132,2,52.864383697509766,37.14760208129883
733,15,2,58.46016311645508,42.54753494262695
733,14,1,54.76115417480469,50.73697280883789
733,11,2,55.41534423828125,50.50347137451172
733,142,2,53.623409271240234,24.37308692932129
734,1,1,64.52963256835938,44.24329376220703
734,6,2,55.83290481567383,56.50129318237305
734,34,1,56.935245513916016,59.75188446044922
734,3,1,57.899085998535156,53.630470275878906
734,19,2,66.5121078491211,50.70634078979492
734,12,2,54.92534637451172,52.88804626464844
734,5,2,61.234458923339844,51.3165168762207
734,120,1,55.342124938964844,20.25645637512207
734,7,1,63.76728057861328,41.98836898803711
734,8,1,59.84621810913086,34.82026290893555
734,132,2,52.9171142578125,36.94793701171875
734,15,2,58.43864440917969,42.54317855834961
734,14,1,54.81284713745117,50.820335388183594
734,11,2,55.45344543457031,50.511226654052734
734,142,2,53.67623519897461,24.383665084838867
735,1,1,64.53315734863281,44.33677291870117
735,6,2,55.78622055053711,56.2458610534668
735,34,1,56.77402877807617,59.82925033569336
735,3,1,57.99065399169922,53.649131774902344
735,19,2,66.47373962402344,50.776912689208984
735,12,2,54.993534088134766,52.97019958496094
735,5,2,61.189208984375,51.23261642456055
735,120,1,55.31715393066406,20.716842651367188
735,7,1,63.72789764404297,42.07844543457031
735,8,1,59.8223991394043,34.81546401977539
735,132,2,52.9626579284668,36.957130432128906
735,15,2,58.4171257019043,42.538822174072266
735,14,1,54.85069274902344,50.82803726196289
735,11,2,55.535621643066406,50.45412826538086
735,142,2,53.755470275878906,24.3995304107666
736,1,1,64.57247161865234,44.2519645690918
736,6,2,55.71033477783203,56.10667419433594
736,34,1,56.564125061035156,59.8962287902832
736,3,1,58.08222198486328,53.66779327392578
736,19,2,66.47373962402344,50.776912689208984
736,12,2,55.01185607910156,52.973934173583984
736,5,2,61.11238479614258,51.21698760986328
736,120,1,55.30887985229492,20.869321823120117
736,7,1,63.68861770629883,42.16828918457031
736,8,1,59.8223991394043,34.81546401977539
736,132,2,53.00064468383789,37.17510986328125
736,15,2,58.4274787902832,42.44683074951172
736,14,1,54.880027770996094,50.688167572021484
736,11,2,55.59888458251953,50.39302062988281
736,142,2,53.80268478393555,24.550582885742188
737,1,1,64.35536193847656,43.51319122314453
737,6,2,55.308101654052734,55.56174087524414
737,34,1,56.131431579589844,59.34251022338867
737,3,1,57.89885711669922,52.98330307006836
737,19,2,66.28947448730469,50.074623107910156
737,12,2,54.71843338012695,52.335384368896484
737,5,2,60.6717529296875,50.7202262878418
737,120,1,54.829505920410156,19.14426612854004
737,7,1,63.44746780395508,41.18919372558594
737,8,1,59.55786895751953,33.66490173339844
737,132,2,52.65608596801758,36.32054138183594
737,15,2,58.12983703613281,41.681800842285156
737,14,1,54.599029541015625,49.93595886230469
737,11,2,55.38729476928711,49.56982421875
737,142,2,53.41115951538086,23.412260055541992
738,1,1,64.59733581542969,44.34976577758789
738,6,2,55.460411071777344,56.1175537109375
738,34,1,56.2624397277832,59.88930130004883
738,3,1,58.21901321411133,53.627532958984375
738,19,2,66.53179931640625,50.71034240722656
738,12,2,55.058956146240234,52.846866607666016
738,5,2,60.81509780883789,51.45428466796875
738,120,1,55.30332946777344,19.935956954956055
738,7,1,63.74988555908203,42.082889556884766
738,8,1,59.944801330566406,34.60933303833008
738,132,2,53.06108474731445,37.396514892578125
738,15,2,58.44977951049805,42.63928985595703
738,14,1,54.99623489379883,50.41819763183594
738,11,2,55.78921890258789,49.984371185302734
738,142,2,53.8760871887207,24.70644760131836
739,1,1,64.61872863769531,44.35409927368164
739,6,2,55.40806579589844,56.10686492919922
739,34,1,56.169673919677734,59.815513610839844
739,3,1,58.26433181762695,53.5684814453125
739,19,2,66.5130844116211,50.784908294677734
739,12,2,55.12465286254883,52.72300338745117
739,5,2,60.707767486572266,51.50647735595703
739,120,1,55.30332946777344,19.935956954956055
739,7,1,63.74988555908203,42.082889556884766
739,8,1,59.93449783325195,34.491390228271484
739,132,2,53.10249710083008,37.50906753540039
739,15,2,58.428287506103516,42.63494110107422
739,14,1,55.053382873535156,50.42982482910156
739,11,2,55.85965347290039,49.84823989868164
739,142,2,53.89668273925781,24.851306915283203
740,1,1,64.59733581542969,44.34976577758789
740,6,2,55.401275634765625,55.981536865234375
740,34,1,56.016544342041016,59.67426300048828
740,3,1,58.29235076904297,53.642478942871094
740,19,2,66.55242919921875,50.792903900146484
740,12,2,55.13771438598633,52.79436492919922
740,5,2,60.66214370727539,51.42316436767578
740,120,1,55.295013427734375,20.090925216674805
740,7,1,63.74988555908203,42.082889556884766
740,8,1,59.87626266479492,34.36347198486328
740,132,2,53.1251220703125,37.513633728027344
740,15,2,58.34333419799805,42.804752349853516
740,14,1,55.162906646728516,50.00675964355469
740,11,2,55.923927307128906,49.78582763671875
740,142,2,53.9229736328125,24.8565731048584
741,1,1,64.59733581542969,44.34976577758789
741,6,2,55.39445877075195,55.8557014465332
741,34,1,55.80812454223633,59.74153518676758
741,3,1,58.30199432373047,53.71258544921875
741,19,2,66.57209777832031,50.79690170288086
741,12,2,55.19285202026367,52.805599212646484
741,5,2,60.623905181884766,51.41538619995117
741,120,1,55.295013427734375,20.090925216674805
741,7,1,63.73253631591797,42.17716979980469
741,8,1,59.814903259277344,34.467308044433594
741,132,2,53.192989349365234,37.52733612060547
741,15,2,58.30045700073242,42.79607391357422
741,14,1,55.248878479003906,49.64854049682617
741,11,2,55.9755744934082,49.64485168457031
741,142,2,53.94926834106445,24.861839294433594
742,1,1,64.57594299316406,44.345436096191406
742,6,2,55.32267761230469,55.65342330932617
742,34,1,55.57288360595703,59.74819564819336
742,3,1,58.29235076904297,53.642478942871094
742,19,2,66.53466033935547,50.94549560546875
742,12,2,55.26987838745117,52.54561233520508
742,5,2,60.52437973022461,51.543025970458984
742,120,1,55.331119537353516,19.941505432128906
742,7,1,63.67136764526367,42.26233673095703
742,8,1,59.814903259277344,34.467308044433594
742,132,2,53.26085662841797,37.541038513183594
742,15,2,58.268898010253906,42.88283920288086
742,14,1,55.25879669189453,50.02626419067383
742,11,2,56.0274543762207,49.50324249267578
742,142,2,54.007755279541016,24.732816696166992
743,1,1,64.57594299316406,44.345436096191406
743,6,2,55.24197769165039,55.76216125488281
743,34,1,55.408721923828125,59.714603424072266
743,3,1,58.31068420410156,53.64621353149414
743,19,2,66.47781372070312,51.08943557739258
743,12,2,55.347572326660156,52.28337478637695
743,5,2,60.402610778808594,51.812068939208984
743,120,1,55.358909606933594,19.947052001953125
743,7,1,63.63225555419922,42.35171890258789
743,8,1,59.80148696899414,34.580474853515625
743,132,2,53.30610275268555,37.550174713134766
743,15,2,58.236141204833984,42.78305435180664
743,14,1,55.34349822998047,49.440330505371094
743,11,2,56.09299087524414,49.21017837524414
743,142,2,54.060420989990234,24.743366241455078
744,1,1,64.71797180175781,44.44198989868164
744,6,2,55.22519302368164,55.80445861816406
744,34,1,55.39789962768555,59.69773864746094
744,3,1,58.464481353759766,53.659297943115234
744,19,2,66.5857925415039,51.09062194824219
744,12,2,55.4509162902832,52.005104064941406
744,5,2,60.418216705322266,51.86876678466797
744,120,1,55.50736618041992,19.9346981048584
744,7,1,63.79135513305664,42.260528564453125
744,8,1,59.9443359375,34.46231460571289
744,132,2,53.47587203979492,37.45233154296875
744,15,2,58.33017349243164,42.777122497558594
744,14,1,55.54134750366211,49.0003662109375
744,11,2,56.263816833496094,48.91494369506836
744,142,2,54.273292541503906,24.889127731323242
745,1,1,64.62213897705078,44.44732666015625
745,6,2,55.10169219970703,55.7335205078125
745,34,1,55.22142028808594,59.56657791137695
745,3,1,58.42951583862305,53.602142333984375
745,19,2,66.47781372070312,51.08943557739258
745,12,2,55.444557189941406,52.02265930175781
745,5,2,60.20948791503906,51.918704986572266
745,120,1,55.386695861816406,19.952600479125977
745,7,1,63.69329833984375,42.26677322387695
745,8,1,59.80148696899414,34.580474853515625
745,132,2,53.400875091552734,37.46511459350586
745,15,2,58.21470260620117,42.77871322631836
745,14,1,55.426841735839844,49.38111877441406
745,11,2,56.224693298339844,48.850040435791016
745,142,2,54.15961837768555,24.90397071838379
746,1,1,64.64350128173828,44.45165252685547
746,6,2,55.031551361083984,55.71920394897461
746,34,1,55.08053970336914,59.26166915893555
746,3,1,58.49348449707031,53.5467414855957
746,19,2,66.43971252441406,51.1591682434082
746,12,2,55.52485275268555,51.96851348876953
746,5,2,60.13369369506836,51.90327835083008
746,120,1,55.386695861816406,19.952600479125977
746,7,1,63.69329833984375,42.26677322387695
746,8,1,59.7775993347168,34.57566452026367
746,132,2,53.43217849731445,37.26222229003906
746,15,2,58.17326354980469,42.95640182495117
746,14,1,55.44767761230469,49.61332321166992
746,11,2,56.28342056274414,48.861976623535156
746,142,2,54.1859130859375,24.909238815307617
747,1,1,64.75730895996094,44.46986770629883
747,6,2,55.09199523925781,55.47732925415039
747,34,1,54.94863510131836,59.2872200012207
747,3,1,58.66395950317383,53.164154052734375
747,19,2,66.56356048583984,51.180301666259766
747,12,2,55.65566635131836,52.272586822509766
747,5,2,60.166481018066406,51.978885650634766
747,120,1,55.58952713012695,19.984895706176758
747,7,1,63.82748794555664,42.19126892089844
747,8,1,59.83281326293945,34.58073806762695
747,132,2,53.57963943481445,37.18146896362305
747,15,2,58.245235443115234,43.151302337646484
747,14,1,55.5835075378418,49.9386100769043
747,11,2,56.43876647949219,48.967227935791016
747,142,2,54.34502029418945,25.074098587036133
748,1,1,64.68623352050781,44.460304260253906
748,6,2,54.933197021484375,55.38515853881836
748,34,1,54.69175720214844,59.292877197265625
748,3,1,58.602142333984375,52.876407623291016
748,19,2,66.44076538085938,51.236690521240234
748,12,2,55.613868713378906,52.47695541381836
748,5,2,59.98750686645508,52.091224670410156
748,120,1,55.49785614013672,19.97479248046875
748,7,1,63.72789764404297,42.07844543457031
748,8,1,59.64499282836914,34.66450881958008
748,132,2,53.459266662597656,37.16266632080078
748,15,2,58.059940338134766,43.394622802734375
748,14,1,55.50214767456055,50.15040969848633
748,11,2,56.400875091552734,48.88584899902344
748,142,2,54.26479721069336,24.925037384033203
749,1,1,64.68623352050781,44.460304260253906
749,6,2,54.890045166015625,55.24986267089844
749,34,1,54.5268440246582,59.25913619995117
749,3,1,58.6207160949707,52.880191802978516
749,19,2,66.44181823730469,51.31403350830078
749,12,2,55.6878662109375,52.49203109741211
749,5,2,59.87992477416992,52.28559494018555
749,120,1,55.53434753417969,19.82493782043457
749,7,1,63.710575103759766,42.1727294921875
749,8,1,59.65817642211914,34.55161666870117
749,132,2,53.42243957519531,36.94435119628906
749,15,2,58.00772476196289,43.47560119628906
749,14,1,55.590904235839844,50.019012451171875
749,11,2,56.5059928894043,48.82929992675781
749,142,2,54.29109191894531,24.93030548095703
